compound_id,compound_name,smiles,expected_formula,structure_source,structure_provenance,note
CHEMBL601719,1 · Crizotinib,C[C@@H](Oc1cc(-c2cnn(C3CCNCC3)c2)cnc1N)c1c(Cl)ccc(F)c1Cl,C21H22Cl2FN5O,https://www.ebi.ac.uk/chembl/api/data/molecule/CHEMBL601719.json,chembl,"ChEMBL structure; formula computed, not an independent identity check"
CHEMBL3128069,"6a · (R)-2-(5-(6-amino-5-((R)-1-(5-fluoro-2-(2H-1,2,3-triazol-2-yl)phenyl)ethoxy)pyridin-3-yl)-4-methylthiazol-2-yl)propane-1,2-diol",Cc1nc([C@](C)(O)CO)sc1-c1cnc(N)c(O[C@H](C)c2cc(F)ccc2-n2nccn2)c1,C22H23FN6O3S,https://www.ebi.ac.uk/chembl/api/data/molecule/CHEMBL3128069.json,chembl,"ChEMBL structure; formula computed, not an independent identity check"
CHEMBL3286808,"6b · (R)-3-(1-(5-fluoro-2-methoxyphenyl)ethoxy)-5-(1-methyl-1H-1,2,3-triazol-5-yl)pyridin-2-amine",COc1ccc(F)cc1[C@@H](C)Oc1cc(-c2cnnn2C)cnc1N,C17H18FN5O2,https://www.ebi.ac.uk/chembl/api/data/molecule/CHEMBL3286808.json,chembl,"ChEMBL structure; formula computed, not an independent identity check"
CHEMBL3128060,"6c · (R)-3-(1-(5-fluoro-2-(2H-1,2,3-triazol-2-yl)phenyl)ethoxy)-5-(1-methyl-1H-1,2,3-triazol-5-yl)pyridin-2-amine",C[C@@H](Oc1cc(-c2cnnn2C)cnc1N)c1cc(F)ccc1-n1nccn1,C18H17FN8O,https://www.ebi.ac.uk/chembl/api/data/molecule/CHEMBL3128060.json,chembl,"ChEMBL structure; formula computed, not an independent identity check"
CHEMBL3128075,"6d · (R)-5-(1,3-dimethyl-1H-pyrazol-4-yl)-3-(1-(5-fluoro-2-(2H-1,2,3-triazol-2-yl)phenyl)ethoxy)pyridin-2-amine",Cc1nn(C)cc1-c1cnc(N)c(O[C@H](C)c2cc(F)ccc2-n2nccn2)c1,C20H20FN7O,https://www.ebi.ac.uk/chembl/api/data/molecule/CHEMBL3128075.json,chembl,"ChEMBL structure; formula computed, not an independent identity check"
CHEMBL3286809,"6e · 2-[(1R)-1-{[2-amino-5-(1,3-dimethyl-1H-pyrazol-4-yl)pyridin-3-yl]oxy}ethyl]-4-fluoro-N-methylbenzamide",CNC(=O)c1ccc(F)cc1[C@@H](C)Oc1cc(-c2cn(C)nc2C)cnc1N,C20H22FN5O2,https://www.ebi.ac.uk/chembl/api/data/molecule/CHEMBL3286809.json,chembl,"ChEMBL structure; formula computed, not an independent identity check"
CHEMBL3286810,"6f · 2-[(1R)-1-{[2-amino-5-(1,3-dimethyl-1H-pyrazol-4-yl)pyridin-3-yl]oxy}ethyl]-4-fluoro-N,N-dimethylbenzamide",Cc1nn(C)cc1-c1cnc(N)c(O[C@H](C)c2cc(F)ccc2C(=O)N(C)C)c1,C21H24FN5O2,https://www.ebi.ac.uk/chembl/api/data/molecule/CHEMBL3286810.json,chembl,"ChEMBL structure; formula computed, not an independent identity check"
CHEMBL3286811,"6g · (R)-3-(1-(5-fluoro-2-(2H-1,2,3-triazol-2-yl)phenyl)ethoxy)-5-(2-methoxypyridin-3-yl)pyrazin-2-amine",COc1ncccc1-c1cnc(N)c(O[C@H](C)c2cc(F)ccc2-n2nccn2)n1,C20H18FN7O2,https://www.ebi.ac.uk/chembl/api/data/molecule/CHEMBL3286811.json,chembl,"ChEMBL structure; formula computed, not an independent identity check"
CHEMBL3286812,6h · 2-[(1R)-1-{[3-amino-6-(2-methoxypyridin-3-yl)pyrazin-2-yl]oxy}ethyl]-4-fluoro-N-methylbenzamide,CNC(=O)c1ccc(F)cc1[C@@H](C)Oc1nc(-c2cccnc2OC)cnc1N,C20H20FN5O3,https://www.ebi.ac.uk/chembl/api/data/molecule/CHEMBL3286812.json,chembl,"ChEMBL structure; formula computed, not an independent identity check"
CHEMBL3286813,"6i · (R)-3-(1-(5-fluoro-2-(2H-1,2,3-triazol-2-yl)phenyl)ethoxy)-5-(3-(methylsulfonyl)phenyl)pyridin-2-amine",C[C@@H](Oc1cc(-c2cccc(S(C)(=O)=O)c2)cnc1N)c1cc(F)ccc1-n1nccn1,C22H20FN5O3S,https://www.ebi.ac.uk/chembl/api/data/molecule/CHEMBL3286813.json,chembl,"ChEMBL structure; formula computed, not an independent identity check"
CHEMBL3286814,"7a · 7-Amino-12-fluoro-16,17-dihydro-1H,10H-8,4-(metheno)-pyrazolo-[3,4-d][1,11,8]benzodioxazacyclotetradecine-3-carbonitrile",N#Cc1[nH]nc2c1-c1cnc(N)c(c1)OCc1cc(F)ccc1OCC2,C18H14FN5O2,https://www.ebi.ac.uk/chembl/api/data/molecule/CHEMBL3286814.json,chembl,"ChEMBL structure; formula computed, not an independent identity check"
CHEMBL3286815,"7b · 7-Amino-12-fluoro-1,16,17,18-tetrahydro-10H-8,4-(metheno)pyrazolo[3,4-e][1,12,9]benzodioxazacyclopentadecine-3-carbonitrile",N#Cc1[nH]nc2c1-c1cnc(N)c(c1)OCc1cc(F)ccc1OCCC2,C19H16FN5O2,https://www.ebi.ac.uk/chembl/api/data/molecule/CHEMBL3286815.json,chembl,"ChEMBL structure; formula computed, not an independent identity check"
CHEMBL3286816,"7c · 12-Fluoro-3-methyl-3,16,17,18-tetrahydro-10H-8,4-(metheno)pyrazolo[4,3-e][1,12,9]benzodioxazacyclopentadecin-7-amine",Cn1ncc2c1-c1cnc(N)c(c1)OCc1cc(F)ccc1OCCC2,C19H19FN4O2,https://www.ebi.ac.uk/chembl/api/data/molecule/CHEMBL3286816.json,chembl,"ChEMBL structure; formula computed, not an independent identity check"
CHEMBL3286817,"7d · 12-Fluoro-3-methyl-16,17,18,19-tetrahydro-3H,10H,8,4-(metheno)pyrazolo[4,3-f][1,13,10]benzodioxazacyclohexadecin-7-amine",Cn1ncc2c1-c1cnc(N)c(c1)OCc1cc(F)ccc1OCCCC2,C20H21FN4O2,https://www.ebi.ac.uk/chembl/api/data/molecule/CHEMBL3286817.json,chembl,"ChEMBL structure; formula computed, not an independent identity check"
CHEMBL3286818,"7e · (10R)-7-Amino-12-fluoro-2,10-dimethyl-16,17-dihydro-2H,10H-8,4-(metheno)pyrazolo[3,4-d][1,11,8]-benzodioxazacyclotetradecine-3-carbonitrile",C[C@H]1Oc2cc(cnc2N)-c2c(nn(C)c2C#N)CCOc2ccc(F)cc21,C20H18FN5O2,https://www.ebi.ac.uk/chembl/api/data/molecule/CHEMBL3286818.json,chembl,"ChEMBL structure; formula computed, not an independent identity check"
CHEMBL3286819,"7f · (10R)-7-Amino-12-fluoro-2,10-dimethyl-16,17,18-trihydro-2H,10H-8,4-(metheno)pyrazolo[3,4-d][1,12,9]-benzodioxazacyclopentadecine-3-carbonitrile",C[C@H]1Oc2cc(cnc2N)-c2c(nn(C)c2C#N)CCCOc2ccc(F)cc21,C21H20FN5O2,https://www.ebi.ac.uk/chembl/api/data/molecule/CHEMBL3286819.json,chembl,"ChEMBL structure; formula computed, not an independent identity check"
CHEMBL3286820,"8a · (10R)-7-Amino-12-fluoro-1,3,10,16-tetramethyl-16,17-dihydro-1H-8,4-(metheno)pyrazolo[4,3-h][2,5,11]-benzoxadiazacyclotetradecin-15(10H)-one",Cc1nn(C)c2c1-c1cnc(N)c(c1)O[C@H](C)c1cc(F)ccc1C(=O)N(C)C2,C21H22FN5O2,https://www.ebi.ac.uk/chembl/api/data/molecule/CHEMBL3286820.json,chembl,"ChEMBL structure; formula computed, not an independent identity check"
CHEMBL3286821,"8b · (10S)-7-Amino-12-fluoro-1,3,10,16-tetramethyl-16,17-dihydro-1H-8,4-(metheno)pyrazolo[4,3-h][2,5,11]-benzoxadiazacyclotetradecin-15(10H)-one",Cc1nn(C)c2c1-c1cnc(N)c(c1)O[C@@H](C)c1cc(F)ccc1C(=O)N(C)C2,C21H22FN5O2,https://www.ebi.ac.uk/chembl/api/data/molecule/CHEMBL3286821.json,chembl,"ChEMBL structure; formula computed, not an independent identity check"
CHEMBL3286822,"8c · 7-Amino-12-fluoro-1,3,16-trimethyl-16,17-dihydro-1H-8,4-(metheno)pyrazolo[4,3-h][2,5,11]benzoxadiazacyclotetradecin-15(10H)-one",Cc1nn(C)c2c1-c1cnc(N)c(c1)OCc1cc(F)ccc1C(=O)N(C)C2,C20H20FN5O2,https://www.ebi.ac.uk/chembl/api/data/molecule/CHEMBL3286822.json,chembl,"ChEMBL structure; formula computed, not an independent identity check"
CHEMBL3286823,"8d · (10R)-7-Amino-12-fluoro-1,3,10,16-tetramethyl-16,17-dihydro-1H-8,4-(azeno)pyrazolo[4,3-h][2,5,11]-benzoxadiazacyclotetradecin-15(10H)-one",Cc1nn(C)c2c1-c1cnc(N)c(n1)O[C@H](C)c1cc(F)ccc1C(=O)N(C)C2,C20H21FN6O2,https://www.ebi.ac.uk/chembl/api/data/molecule/CHEMBL3286823.json,chembl,"ChEMBL structure; formula computed, not an independent identity check"
CHEMBL3286824,"8e · (10S)-7-Amino-12-fluoro-1,3,10,16-tetramethyl-16,17-dihydro-1H-8,4-(azeno)pyrazolo[4,3-h][2,5,11]-benzoxadiazacyclotetradecin-15(10H)-one",Cc1nn(C)c2c1-c1cnc(N)c(n1)O[C@@H](C)c1cc(F)ccc1C(=O)N(C)C2,C20H21FN6O2,https://www.ebi.ac.uk/chembl/api/data/molecule/CHEMBL3286824.json,chembl,"ChEMBL structure; formula computed, not an independent identity check"
CHEMBL3286825,"8f · (10R)-7-Amino-12-fluoro-3-methoxy-1,10,16-trimethyl-16,17-dihydro-1H-8,4-(metheno)pyrazolo[4,3-h][2,5,11]-benzoxadiazacyclotetradecin-15(10H)-one",COc1nn(C)c2c1-c1cnc(N)c(c1)O[C@H](C)c1cc(F)ccc1C(=O)N(C)C2,C21H22FN5O3,https://www.ebi.ac.uk/chembl/api/data/molecule/CHEMBL3286825.json,chembl,"ChEMBL structure; formula computed, not an independent identity check"
CHEMBL3286826,"8g · (10R)-7-Amino-12-fluoro-3-methoxy-1,10,16-trimethyl-16,17-dihydro-1H-8,4-(azeno)pyrazolo[4,3-h][2,5,11]-benzoxadiazacyclotetradecin-15(10H)-one",COc1nn(C)c2c1-c1cnc(N)c(n1)O[C@H](C)c1cc(F)ccc1C(=O)N(C)C2,C20H21FN6O3,https://www.ebi.ac.uk/chembl/api/data/molecule/CHEMBL3286826.json,chembl,"ChEMBL structure; formula computed, not an independent identity check"
CHEMBL3286827,"8h · (5R)-8-Amino-3-fluoro-5,17-dimethyl-13-(methylsulfonyl)-16,17-dihydro-7,11-(metheno)dibenzo[g,l][1,4,10]-oxadiazacyclotetradecin-18(5H)-one",C[C@H]1Oc2cc(cnc2N)-c2cc(S(C)(=O)=O)ccc2CN(C)C(=O)c2ccc(F)cc21,C23H22FN3O4S,https://www.ebi.ac.uk/chembl/api/data/molecule/CHEMBL3286827.json,chembl,"ChEMBL structure; formula computed, not an independent identity check"
CHEMBL3286828,"8i · (5R)-8-Amino-3-fluoro-5,17-dimethyl-13-(methylsulfonyl)-16,17-dihydro-7,11-(azeno)dibenzo[g,l][1,4,10]-oxadiazacyclotetradecin-18(5H)-one",C[C@H]1Oc2nc(cnc2N)-c2cc(S(C)(=O)=O)ccc2CN(C)C(=O)c2ccc(F)cc21,C22H21FN4O4S,https://www.ebi.ac.uk/chembl/api/data/molecule/CHEMBL3286828.json,chembl,"ChEMBL structure; formula computed, not an independent identity check"
CHEMBL3286829,"8j · (10R)-7-Amino-3-cyclopropyl-12-fluoro-1,10,16-trimethyl-16,17-dihydro-1H-8,4-(metheno)pyrazolo[4,3-h][2,5,11]-benzoxadiazacyclotetradecin-15(10H)-one",C[C@H]1Oc2cc(cnc2N)-c2c(C3CC3)nn(C)c2CN(C)C(=O)c2ccc(F)cc21,C23H24FN5O2,https://www.ebi.ac.uk/chembl/api/data/molecule/CHEMBL3286829.json,chembl,"ChEMBL structure; formula computed, not an independent identity check"
CHEMBL3286830,"8k · (10R)-7-Amino-12-fluoro-2,10,16-trimethyl-15-oxo-10,15,16,17-tetrahydro-2H-8,4-(metheno)pyrazolo[4,3-h]-[2,5,11]benzoxadiazacyclotetradecine-3-carbonitrile",C[C@H]1Oc2cc(cnc2N)-c2c(nn(C)c2C#N)CN(C)C(=O)c2ccc(F)cc21,C21H19FN6O2,https://www.ebi.ac.uk/chembl/api/data/molecule/CHEMBL3286830.json,chembl,"ChEMBL structure; formula computed, not an independent identity check"
CHEMBL3286831,"8l · (5R)-8-Amino-3-fluoro-5,14,19-trimethyl-18,19-dihydro-7,11-(metheno)pyrimido[2',1':2,3]imidazo[4,5-h][2,5,11]-benzoxadiazacyclotetradecin-20(5H)-one",Cc1cnc2nc3c(n2c1)-c1cnc(N)c(c1)O[C@H](C)c1cc(F)ccc1C(=O)N(C)C3,C23H21FN6O2,https://www.ebi.ac.uk/chembl/api/data/molecule/CHEMBL3286831.json,chembl,"ChEMBL structure; formula computed, not an independent identity check"
CHEMBL3286832,"8m · (5R)-8-Amino-3-fluoro-5,19-dimethyl-20-oxo-5,18,19,20-tetrahydro-7,11-(azeno)pyrido[2',1':2,3]imidazo[4,5-h][2,5,11]-benzoxadiazacyclotetradecine-14-carbonitrile",C[C@H]1Oc2nc(cnc2N)-c2c(nc3ccc(C#N)cn23)CN(C)C(=O)c2ccc(F)cc21,C23H18FN7O2,https://www.ebi.ac.uk/chembl/api/data/molecule/CHEMBL3286832.json,chembl,"ChEMBL structure; formula computed, not an independent identity check"
