activity_id,record_id,molecule_chembl_id,assay_chembl_id,assay_description,standard_type,standard_relation,standard_value,standard_units,data_validity_comment,source_url
14722315,2114013,CHEMBL3286820,CHEMBL3293391,Efflux ratio of permeability from basolateral to apical side to apical to basolateral side of MDCK cells expressing MDR1 at pH 7.4,Ratio,=,4.2,,,https://www.ebi.ac.uk/chembl/api/data/activity/14722315.json
14722316,2114013,CHEMBL3286820,CHEMBL3293393,Inhibition of TRKB (unknown origin) by off-chip mobility shift assay,Ki,=,0.5,nM,,https://www.ebi.ac.uk/chembl/api/data/activity/14722316.json
14722317,2114013,CHEMBL3286820,CHEMBL3293394,Selectivity ratio of Ki for TRKB (unknown origin) to Ki for human recombinant ALK L1196M mutant kinase domain (amino acids 1093 to 1141) expressed in baculovirus system,Ratio Ki,=,1.7,,,https://www.ebi.ac.uk/chembl/api/data/activity/14722317.json
14722318,2113997,CHEMBL601719,CHEMBL3293161,Inhibition of wild type human recombinant ALK kinase domain (amino acids 1093 to 1141) expressed in baculovirus system using 5'FAM-KKSRGDYMTMQIG-CONH2 as substrate incubated for 15 mins prior to ATP addition measured after 1 hr by microfluidic mobility shift assay,Ki,=,0.74,nM,,https://www.ebi.ac.uk/chembl/api/data/activity/14722318.json
14722319,2113998,CHEMBL3128069,CHEMBL3293161,Inhibition of wild type human recombinant ALK kinase domain (amino acids 1093 to 1141) expressed in baculovirus system using 5'FAM-KKSRGDYMTMQIG-CONH2 as substrate incubated for 15 mins prior to ATP addition measured after 1 hr by microfluidic mobility shift assay,Ki,<,0.1,nM,,https://www.ebi.ac.uk/chembl/api/data/activity/14722319.json
14722320,2113999,CHEMBL3286808,CHEMBL3293161,Inhibition of wild type human recombinant ALK kinase domain (amino acids 1093 to 1141) expressed in baculovirus system using 5'FAM-KKSRGDYMTMQIG-CONH2 as substrate incubated for 15 mins prior to ATP addition measured after 1 hr by microfluidic mobility shift assay,Ki,=,4.0,nM,,https://www.ebi.ac.uk/chembl/api/data/activity/14722320.json
14722321,2114000,CHEMBL3128060,CHEMBL3293161,Inhibition of wild type human recombinant ALK kinase domain (amino acids 1093 to 1141) expressed in baculovirus system using 5'FAM-KKSRGDYMTMQIG-CONH2 as substrate incubated for 15 mins prior to ATP addition measured after 1 hr by microfluidic mobility shift assay,Ki,=,9.0,nM,,https://www.ebi.ac.uk/chembl/api/data/activity/14722321.json
14722322,2114001,CHEMBL3128075,CHEMBL3293161,Inhibition of wild type human recombinant ALK kinase domain (amino acids 1093 to 1141) expressed in baculovirus system using 5'FAM-KKSRGDYMTMQIG-CONH2 as substrate incubated for 15 mins prior to ATP addition measured after 1 hr by microfluidic mobility shift assay,Ki,<,0.2,nM,,https://www.ebi.ac.uk/chembl/api/data/activity/14722322.json
14722323,2114002,CHEMBL3286809,CHEMBL3293161,Inhibition of wild type human recombinant ALK kinase domain (amino acids 1093 to 1141) expressed in baculovirus system using 5'FAM-KKSRGDYMTMQIG-CONH2 as substrate incubated for 15 mins prior to ATP addition measured after 1 hr by microfluidic mobility shift assay,Ki,=,2.8,nM,,https://www.ebi.ac.uk/chembl/api/data/activity/14722323.json
14722324,2114003,CHEMBL3286810,CHEMBL3293161,Inhibition of wild type human recombinant ALK kinase domain (amino acids 1093 to 1141) expressed in baculovirus system using 5'FAM-KKSRGDYMTMQIG-CONH2 as substrate incubated for 15 mins prior to ATP addition measured after 1 hr by microfluidic mobility shift assay,Ki,=,22.0,nM,,https://www.ebi.ac.uk/chembl/api/data/activity/14722324.json
14722325,2114004,CHEMBL3286811,CHEMBL3293161,Inhibition of wild type human recombinant ALK kinase domain (amino acids 1093 to 1141) expressed in baculovirus system using 5'FAM-KKSRGDYMTMQIG-CONH2 as substrate incubated for 15 mins prior to ATP addition measured after 1 hr by microfluidic mobility shift assay,Ki,<,0.2,nM,,https://www.ebi.ac.uk/chembl/api/data/activity/14722325.json
14722326,2114005,CHEMBL3286812,CHEMBL3293161,Inhibition of wild type human recombinant ALK kinase domain (amino acids 1093 to 1141) expressed in baculovirus system using 5'FAM-KKSRGDYMTMQIG-CONH2 as substrate incubated for 15 mins prior to ATP addition measured after 1 hr by microfluidic mobility shift assay,Ki,=,0.85,nM,,https://www.ebi.ac.uk/chembl/api/data/activity/14722326.json
14722327,2114006,CHEMBL3286813,CHEMBL3293161,Inhibition of wild type human recombinant ALK kinase domain (amino acids 1093 to 1141) expressed in baculovirus system using 5'FAM-KKSRGDYMTMQIG-CONH2 as substrate incubated for 15 mins prior to ATP addition measured after 1 hr by microfluidic mobility shift assay,Ki,<,0.2,nM,,https://www.ebi.ac.uk/chembl/api/data/activity/14722327.json
14722328,2114007,CHEMBL3286814,CHEMBL3293161,Inhibition of wild type human recombinant ALK kinase domain (amino acids 1093 to 1141) expressed in baculovirus system using 5'FAM-KKSRGDYMTMQIG-CONH2 as substrate incubated for 15 mins prior to ATP addition measured after 1 hr by microfluidic mobility shift assay,Ki,=,0.36,nM,,https://www.ebi.ac.uk/chembl/api/data/activity/14722328.json
14722329,2114008,CHEMBL3286815,CHEMBL3293161,Inhibition of wild type human recombinant ALK kinase domain (amino acids 1093 to 1141) expressed in baculovirus system using 5'FAM-KKSRGDYMTMQIG-CONH2 as substrate incubated for 15 mins prior to ATP addition measured after 1 hr by microfluidic mobility shift assay,Ki,=,0.22,nM,,https://www.ebi.ac.uk/chembl/api/data/activity/14722329.json
14722330,2114009,CHEMBL3286816,CHEMBL3293161,Inhibition of wild type human recombinant ALK kinase domain (amino acids 1093 to 1141) expressed in baculovirus system using 5'FAM-KKSRGDYMTMQIG-CONH2 as substrate incubated for 15 mins prior to ATP addition measured after 1 hr by microfluidic mobility shift assay,Ki,=,0.38,nM,,https://www.ebi.ac.uk/chembl/api/data/activity/14722330.json
14722331,2114010,CHEMBL3286817,CHEMBL3293161,Inhibition of wild type human recombinant ALK kinase domain (amino acids 1093 to 1141) expressed in baculovirus system using 5'FAM-KKSRGDYMTMQIG-CONH2 as substrate incubated for 15 mins prior to ATP addition measured after 1 hr by microfluidic mobility shift assay,Ki,=,5.0,nM,,https://www.ebi.ac.uk/chembl/api/data/activity/14722331.json
14722332,2114011,CHEMBL3286818,CHEMBL3293161,Inhibition of wild type human recombinant ALK kinase domain (amino acids 1093 to 1141) expressed in baculovirus system using 5'FAM-KKSRGDYMTMQIG-CONH2 as substrate incubated for 15 mins prior to ATP addition measured after 1 hr by microfluidic mobility shift assay,Ki,<,0.1,nM,,https://www.ebi.ac.uk/chembl/api/data/activity/14722332.json
14722333,2114012,CHEMBL3286819,CHEMBL3293161,Inhibition of wild type human recombinant ALK kinase domain (amino acids 1093 to 1141) expressed in baculovirus system using 5'FAM-KKSRGDYMTMQIG-CONH2 as substrate incubated for 15 mins prior to ATP addition measured after 1 hr by microfluidic mobility shift assay,Ki,<,0.1,nM,,https://www.ebi.ac.uk/chembl/api/data/activity/14722333.json
14722334,2114013,CHEMBL3286820,CHEMBL3293161,Inhibition of wild type human recombinant ALK kinase domain (amino acids 1093 to 1141) expressed in baculovirus system using 5'FAM-KKSRGDYMTMQIG-CONH2 as substrate incubated for 15 mins prior to ATP addition measured after 1 hr by microfluidic mobility shift assay,Ki,<,0.2,nM,,https://www.ebi.ac.uk/chembl/api/data/activity/14722334.json
14722335,2114014,CHEMBL3286821,CHEMBL3293161,Inhibition of wild type human recombinant ALK kinase domain (amino acids 1093 to 1141) expressed in baculovirus system using 5'FAM-KKSRGDYMTMQIG-CONH2 as substrate incubated for 15 mins prior to ATP addition measured after 1 hr by microfluidic mobility shift assay,Ki,=,17.0,nM,,https://www.ebi.ac.uk/chembl/api/data/activity/14722335.json
14722336,2114015,CHEMBL3286822,CHEMBL3293161,Inhibition of wild type human recombinant ALK kinase domain (amino acids 1093 to 1141) expressed in baculovirus system using 5'FAM-KKSRGDYMTMQIG-CONH2 as substrate incubated for 15 mins prior to ATP addition measured after 1 hr by microfluidic mobility shift assay,Ki,<,0.2,nM,,https://www.ebi.ac.uk/chembl/api/data/activity/14722336.json
14722337,2114016,CHEMBL3286823,CHEMBL3293161,Inhibition of wild type human recombinant ALK kinase domain (amino acids 1093 to 1141) expressed in baculovirus system using 5'FAM-KKSRGDYMTMQIG-CONH2 as substrate incubated for 15 mins prior to ATP addition measured after 1 hr by microfluidic mobility shift assay,Ki,<,0.2,nM,,https://www.ebi.ac.uk/chembl/api/data/activity/14722337.json
14722338,2114017,CHEMBL3286824,CHEMBL3293161,Inhibition of wild type human recombinant ALK kinase domain (amino acids 1093 to 1141) expressed in baculovirus system using 5'FAM-KKSRGDYMTMQIG-CONH2 as substrate incubated for 15 mins prior to ATP addition measured after 1 hr by microfluidic mobility shift assay,Ki,=,17.0,nM,,https://www.ebi.ac.uk/chembl/api/data/activity/14722338.json
14722339,2114018,CHEMBL3286825,CHEMBL3293161,Inhibition of wild type human recombinant ALK kinase domain (amino acids 1093 to 1141) expressed in baculovirus system using 5'FAM-KKSRGDYMTMQIG-CONH2 as substrate incubated for 15 mins prior to ATP addition measured after 1 hr by microfluidic mobility shift assay,Ki,<,0.2,nM,,https://www.ebi.ac.uk/chembl/api/data/activity/14722339.json
14722340,2114019,CHEMBL3286826,CHEMBL3293161,Inhibition of wild type human recombinant ALK kinase domain (amino acids 1093 to 1141) expressed in baculovirus system using 5'FAM-KKSRGDYMTMQIG-CONH2 as substrate incubated for 15 mins prior to ATP addition measured after 1 hr by microfluidic mobility shift assay,Ki,<,0.08,nM,,https://www.ebi.ac.uk/chembl/api/data/activity/14722340.json
14722341,2114020,CHEMBL3286827,CHEMBL3293161,Inhibition of wild type human recombinant ALK kinase domain (amino acids 1093 to 1141) expressed in baculovirus system using 5'FAM-KKSRGDYMTMQIG-CONH2 as substrate incubated for 15 mins prior to ATP addition measured after 1 hr by microfluidic mobility shift assay,Ki,<,0.07,nM,,https://www.ebi.ac.uk/chembl/api/data/activity/14722341.json
14722342,2114021,CHEMBL3286828,CHEMBL3293161,Inhibition of wild type human recombinant ALK kinase domain (amino acids 1093 to 1141) expressed in baculovirus system using 5'FAM-KKSRGDYMTMQIG-CONH2 as substrate incubated for 15 mins prior to ATP addition measured after 1 hr by microfluidic mobility shift assay,Ki,<,0.1,nM,,https://www.ebi.ac.uk/chembl/api/data/activity/14722342.json
14722343,2113997,CHEMBL601719,CHEMBL3293162,Inhibition of human recombinant ALK L1196M mutant kinase domain (amino acids 1093 to 1141) expressed in baculovirus system using 5'FAM-KKSRGDYMTMQIG-CONH2 as substrate incubated for 15 mins prior to ATP addition measured after 1 hr by microfluidic mobility shift assay,Ki,=,8.2,nM,,https://www.ebi.ac.uk/chembl/api/data/activity/14722343.json
14722344,2113998,CHEMBL3128069,CHEMBL3293162,Inhibition of human recombinant ALK L1196M mutant kinase domain (amino acids 1093 to 1141) expressed in baculovirus system using 5'FAM-KKSRGDYMTMQIG-CONH2 as substrate incubated for 15 mins prior to ATP addition measured after 1 hr by microfluidic mobility shift assay,Ki,=,0.2,nM,,https://www.ebi.ac.uk/chembl/api/data/activity/14722344.json
14722345,2113999,CHEMBL3286808,CHEMBL3293162,Inhibition of human recombinant ALK L1196M mutant kinase domain (amino acids 1093 to 1141) expressed in baculovirus system using 5'FAM-KKSRGDYMTMQIG-CONH2 as substrate incubated for 15 mins prior to ATP addition measured after 1 hr by microfluidic mobility shift assay,Ki,=,38.0,nM,,https://www.ebi.ac.uk/chembl/api/data/activity/14722345.json
14722346,2114000,CHEMBL3128060,CHEMBL3293162,Inhibition of human recombinant ALK L1196M mutant kinase domain (amino acids 1093 to 1141) expressed in baculovirus system using 5'FAM-KKSRGDYMTMQIG-CONH2 as substrate incubated for 15 mins prior to ATP addition measured after 1 hr by microfluidic mobility shift assay,Ki,=,70.0,nM,,https://www.ebi.ac.uk/chembl/api/data/activity/14722346.json
14722347,2114001,CHEMBL3128075,CHEMBL3293162,Inhibition of human recombinant ALK L1196M mutant kinase domain (amino acids 1093 to 1141) expressed in baculovirus system using 5'FAM-KKSRGDYMTMQIG-CONH2 as substrate incubated for 15 mins prior to ATP addition measured after 1 hr by microfluidic mobility shift assay,Ki,=,2.6,nM,,https://www.ebi.ac.uk/chembl/api/data/activity/14722347.json
14722348,2114002,CHEMBL3286809,CHEMBL3293162,Inhibition of human recombinant ALK L1196M mutant kinase domain (amino acids 1093 to 1141) expressed in baculovirus system using 5'FAM-KKSRGDYMTMQIG-CONH2 as substrate incubated for 15 mins prior to ATP addition measured after 1 hr by microfluidic mobility shift assay,Ki,=,35.0,nM,,https://www.ebi.ac.uk/chembl/api/data/activity/14722348.json
14722349,2114003,CHEMBL3286810,CHEMBL3293162,Inhibition of human recombinant ALK L1196M mutant kinase domain (amino acids 1093 to 1141) expressed in baculovirus system using 5'FAM-KKSRGDYMTMQIG-CONH2 as substrate incubated for 15 mins prior to ATP addition measured after 1 hr by microfluidic mobility shift assay,Ki,=,310.0,nM,,https://www.ebi.ac.uk/chembl/api/data/activity/14722349.json
14722350,2114004,CHEMBL3286811,CHEMBL3293162,Inhibition of human recombinant ALK L1196M mutant kinase domain (amino acids 1093 to 1141) expressed in baculovirus system using 5'FAM-KKSRGDYMTMQIG-CONH2 as substrate incubated for 15 mins prior to ATP addition measured after 1 hr by microfluidic mobility shift assay,Ki,=,0.7,nM,,https://www.ebi.ac.uk/chembl/api/data/activity/14722350.json
14722351,2114005,CHEMBL3286812,CHEMBL3293162,Inhibition of human recombinant ALK L1196M mutant kinase domain (amino acids 1093 to 1141) expressed in baculovirus system using 5'FAM-KKSRGDYMTMQIG-CONH2 as substrate incubated for 15 mins prior to ATP addition measured after 1 hr by microfluidic mobility shift assay,Ki,=,8.2,nM,,https://www.ebi.ac.uk/chembl/api/data/activity/14722351.json
14722352,2114006,CHEMBL3286813,CHEMBL3293162,Inhibition of human recombinant ALK L1196M mutant kinase domain (amino acids 1093 to 1141) expressed in baculovirus system using 5'FAM-KKSRGDYMTMQIG-CONH2 as substrate incubated for 15 mins prior to ATP addition measured after 1 hr by microfluidic mobility shift assay,Ki,=,1.4,nM,,https://www.ebi.ac.uk/chembl/api/data/activity/14722352.json
14722353,2114007,CHEMBL3286814,CHEMBL3293162,Inhibition of human recombinant ALK L1196M mutant kinase domain (amino acids 1093 to 1141) expressed in baculovirus system using 5'FAM-KKSRGDYMTMQIG-CONH2 as substrate incubated for 15 mins prior to ATP addition measured after 1 hr by microfluidic mobility shift assay,Ki,=,1.6,nM,,https://www.ebi.ac.uk/chembl/api/data/activity/14722353.json
14722354,2114008,CHEMBL3286815,CHEMBL3293162,Inhibition of human recombinant ALK L1196M mutant kinase domain (amino acids 1093 to 1141) expressed in baculovirus system using 5'FAM-KKSRGDYMTMQIG-CONH2 as substrate incubated for 15 mins prior to ATP addition measured after 1 hr by microfluidic mobility shift assay,Ki,<,0.1,nM,,https://www.ebi.ac.uk/chembl/api/data/activity/14722354.json
14722355,2114009,CHEMBL3286816,CHEMBL3293162,Inhibition of human recombinant ALK L1196M mutant kinase domain (amino acids 1093 to 1141) expressed in baculovirus system using 5'FAM-KKSRGDYMTMQIG-CONH2 as substrate incubated for 15 mins prior to ATP addition measured after 1 hr by microfluidic mobility shift assay,Ki,=,29.0,nM,,https://www.ebi.ac.uk/chembl/api/data/activity/14722355.json
14722356,2114010,CHEMBL3286817,CHEMBL3293162,Inhibition of human recombinant ALK L1196M mutant kinase domain (amino acids 1093 to 1141) expressed in baculovirus system using 5'FAM-KKSRGDYMTMQIG-CONH2 as substrate incubated for 15 mins prior to ATP addition measured after 1 hr by microfluidic mobility shift assay,Ki,=,36.0,nM,,https://www.ebi.ac.uk/chembl/api/data/activity/14722356.json
14722357,2114011,CHEMBL3286818,CHEMBL3293162,Inhibition of human recombinant ALK L1196M mutant kinase domain (amino acids 1093 to 1141) expressed in baculovirus system using 5'FAM-KKSRGDYMTMQIG-CONH2 as substrate incubated for 15 mins prior to ATP addition measured after 1 hr by microfluidic mobility shift assay,Ki,=,0.57,nM,,https://www.ebi.ac.uk/chembl/api/data/activity/14722357.json
14722358,2114012,CHEMBL3286819,CHEMBL3293162,Inhibition of human recombinant ALK L1196M mutant kinase domain (amino acids 1093 to 1141) expressed in baculovirus system using 5'FAM-KKSRGDYMTMQIG-CONH2 as substrate incubated for 15 mins prior to ATP addition measured after 1 hr by microfluidic mobility shift assay,Ki,=,0.62,nM,,https://www.ebi.ac.uk/chembl/api/data/activity/14722358.json
14722359,2114013,CHEMBL3286820,CHEMBL3293162,Inhibition of human recombinant ALK L1196M mutant kinase domain (amino acids 1093 to 1141) expressed in baculovirus system using 5'FAM-KKSRGDYMTMQIG-CONH2 as substrate incubated for 15 mins prior to ATP addition measured after 1 hr by microfluidic mobility shift assay,Ki,=,0.29,nM,,https://www.ebi.ac.uk/chembl/api/data/activity/14722359.json
14722360,2114014,CHEMBL3286821,CHEMBL3293162,Inhibition of human recombinant ALK L1196M mutant kinase domain (amino acids 1093 to 1141) expressed in baculovirus system using 5'FAM-KKSRGDYMTMQIG-CONH2 as substrate incubated for 15 mins prior to ATP addition measured after 1 hr by microfluidic mobility shift assay,Ki,=,61.0,nM,,https://www.ebi.ac.uk/chembl/api/data/activity/14722360.json
14722361,2114015,CHEMBL3286822,CHEMBL3293162,Inhibition of human recombinant ALK L1196M mutant kinase domain (amino acids 1093 to 1141) expressed in baculovirus system using 5'FAM-KKSRGDYMTMQIG-CONH2 as substrate incubated for 15 mins prior to ATP addition measured after 1 hr by microfluidic mobility shift assay,Ki,=,1.9,nM,,https://www.ebi.ac.uk/chembl/api/data/activity/14722361.json
14722362,2114016,CHEMBL3286823,CHEMBL3293162,Inhibition of human recombinant ALK L1196M mutant kinase domain (amino acids 1093 to 1141) expressed in baculovirus system using 5'FAM-KKSRGDYMTMQIG-CONH2 as substrate incubated for 15 mins prior to ATP addition measured after 1 hr by microfluidic mobility shift assay,Ki,=,0.1,nM,,https://www.ebi.ac.uk/chembl/api/data/activity/14722362.json
14722363,2114017,CHEMBL3286824,CHEMBL3293162,Inhibition of human recombinant ALK L1196M mutant kinase domain (amino acids 1093 to 1141) expressed in baculovirus system using 5'FAM-KKSRGDYMTMQIG-CONH2 as substrate incubated for 15 mins prior to ATP addition measured after 1 hr by microfluidic mobility shift assay,Ki,=,61.0,nM,,https://www.ebi.ac.uk/chembl/api/data/activity/14722363.json
14722364,2114018,CHEMBL3286825,CHEMBL3293162,Inhibition of human recombinant ALK L1196M mutant kinase domain (amino acids 1093 to 1141) expressed in baculovirus system using 5'FAM-KKSRGDYMTMQIG-CONH2 as substrate incubated for 15 mins prior to ATP addition measured after 1 hr by microfluidic mobility shift assay,Ki,=,0.1,nM,,https://www.ebi.ac.uk/chembl/api/data/activity/14722364.json
14722365,2114019,CHEMBL3286826,CHEMBL3293162,Inhibition of human recombinant ALK L1196M mutant kinase domain (amino acids 1093 to 1141) expressed in baculovirus system using 5'FAM-KKSRGDYMTMQIG-CONH2 as substrate incubated for 15 mins prior to ATP addition measured after 1 hr by microfluidic mobility shift assay,Ki,<,0.02,nM,,https://www.ebi.ac.uk/chembl/api/data/activity/14722365.json
14722366,2114020,CHEMBL3286827,CHEMBL3293162,Inhibition of human recombinant ALK L1196M mutant kinase domain (amino acids 1093 to 1141) expressed in baculovirus system using 5'FAM-KKSRGDYMTMQIG-CONH2 as substrate incubated for 15 mins prior to ATP addition measured after 1 hr by microfluidic mobility shift assay,Ki,=,0.4,nM,,https://www.ebi.ac.uk/chembl/api/data/activity/14722366.json
14722367,2114021,CHEMBL3286828,CHEMBL3293162,Inhibition of human recombinant ALK L1196M mutant kinase domain (amino acids 1093 to 1141) expressed in baculovirus system using 5'FAM-KKSRGDYMTMQIG-CONH2 as substrate incubated for 15 mins prior to ATP addition measured after 1 hr by microfluidic mobility shift assay,Ki,=,0.12,nM,,https://www.ebi.ac.uk/chembl/api/data/activity/14722367.json
14722368,2114022,CHEMBL3286829,CHEMBL3293162,Inhibition of human recombinant ALK L1196M mutant kinase domain (amino acids 1093 to 1141) expressed in baculovirus system using 5'FAM-KKSRGDYMTMQIG-CONH2 as substrate incubated for 15 mins prior to ATP addition measured after 1 hr by microfluidic mobility shift assay,Ki,<,0.1,nM,,https://www.ebi.ac.uk/chembl/api/data/activity/14722368.json
14722369,2114023,CHEMBL3286830,CHEMBL3293162,Inhibition of human recombinant ALK L1196M mutant kinase domain (amino acids 1093 to 1141) expressed in baculovirus system using 5'FAM-KKSRGDYMTMQIG-CONH2 as substrate incubated for 15 mins prior to ATP addition measured after 1 hr by microfluidic mobility shift assay,Ki,=,0.7,nM,,https://www.ebi.ac.uk/chembl/api/data/activity/14722369.json
14722370,2114024,CHEMBL3286831,CHEMBL3293162,Inhibition of human recombinant ALK L1196M mutant kinase domain (amino acids 1093 to 1141) expressed in baculovirus system using 5'FAM-KKSRGDYMTMQIG-CONH2 as substrate incubated for 15 mins prior to ATP addition measured after 1 hr by microfluidic mobility shift assay,Ki,=,2.0,nM,,https://www.ebi.ac.uk/chembl/api/data/activity/14722370.json
14722371,2114025,CHEMBL3286832,CHEMBL3293162,Inhibition of human recombinant ALK L1196M mutant kinase domain (amino acids 1093 to 1141) expressed in baculovirus system using 5'FAM-KKSRGDYMTMQIG-CONH2 as substrate incubated for 15 mins prior to ATP addition measured after 1 hr by microfluidic mobility shift assay,Ki,=,0.56,nM,,https://www.ebi.ac.uk/chembl/api/data/activity/14722371.json
14722372,2113997,CHEMBL601719,CHEMBL3293163,Inhibition of wild type human EML4-fused ALK expressed in mouse NIH-3T3 cells assessed as phosphorylated ALK level after 1 hr by sandwich ELISA,IC50,=,80.0,nM,,https://www.ebi.ac.uk/chembl/api/data/activity/14722372.json
14722373,2113998,CHEMBL3128069,CHEMBL3293163,Inhibition of wild type human EML4-fused ALK expressed in mouse NIH-3T3 cells assessed as phosphorylated ALK level after 1 hr by sandwich ELISA,IC50,=,0.76,nM,,https://www.ebi.ac.uk/chembl/api/data/activity/14722373.json
14722374,2113999,CHEMBL3286808,CHEMBL3293163,Inhibition of wild type human EML4-fused ALK expressed in mouse NIH-3T3 cells assessed as phosphorylated ALK level after 1 hr by sandwich ELISA,IC50,=,95.0,nM,,https://www.ebi.ac.uk/chembl/api/data/activity/14722374.json
14722375,2114000,CHEMBL3128060,CHEMBL3293163,Inhibition of wild type human EML4-fused ALK expressed in mouse NIH-3T3 cells assessed as phosphorylated ALK level after 1 hr by sandwich ELISA,IC50,=,249.0,nM,,https://www.ebi.ac.uk/chembl/api/data/activity/14722375.json
14722376,2114001,CHEMBL3128075,CHEMBL3293163,Inhibition of wild type human EML4-fused ALK expressed in mouse NIH-3T3 cells assessed as phosphorylated ALK level after 1 hr by sandwich ELISA,IC50,=,14.0,nM,,https://www.ebi.ac.uk/chembl/api/data/activity/14722376.json
14722377,2114002,CHEMBL3286809,CHEMBL3293163,Inhibition of wild type human EML4-fused ALK expressed in mouse NIH-3T3 cells assessed as phosphorylated ALK level after 1 hr by sandwich ELISA,IC50,=,116.0,nM,,https://www.ebi.ac.uk/chembl/api/data/activity/14722377.json
14722378,2114004,CHEMBL3286811,CHEMBL3293163,Inhibition of wild type human EML4-fused ALK expressed in mouse NIH-3T3 cells assessed as phosphorylated ALK level after 1 hr by sandwich ELISA,IC50,=,9.7,nM,,https://www.ebi.ac.uk/chembl/api/data/activity/14722378.json
14722379,2114005,CHEMBL3286812,CHEMBL3293163,Inhibition of wild type human EML4-fused ALK expressed in mouse NIH-3T3 cells assessed as phosphorylated ALK level after 1 hr by sandwich ELISA,IC50,=,16.0,nM,,https://www.ebi.ac.uk/chembl/api/data/activity/14722379.json
14722380,2114006,CHEMBL3286813,CHEMBL3293163,Inhibition of wild type human EML4-fused ALK expressed in mouse NIH-3T3 cells assessed as phosphorylated ALK level after 1 hr by sandwich ELISA,IC50,=,4.6,nM,,https://www.ebi.ac.uk/chembl/api/data/activity/14722380.json
14722381,2114007,CHEMBL3286814,CHEMBL3293163,Inhibition of wild type human EML4-fused ALK expressed in mouse NIH-3T3 cells assessed as phosphorylated ALK level after 1 hr by sandwich ELISA,IC50,=,22.0,nM,,https://www.ebi.ac.uk/chembl/api/data/activity/14722381.json
14722382,2114008,CHEMBL3286815,CHEMBL3293163,Inhibition of wild type human EML4-fused ALK expressed in mouse NIH-3T3 cells assessed as phosphorylated ALK level after 1 hr by sandwich ELISA,IC50,=,15.0,nM,,https://www.ebi.ac.uk/chembl/api/data/activity/14722382.json
14722383,2114009,CHEMBL3286816,CHEMBL3293163,Inhibition of wild type human EML4-fused ALK expressed in mouse NIH-3T3 cells assessed as phosphorylated ALK level after 1 hr by sandwich ELISA,IC50,=,86.0,nM,,https://www.ebi.ac.uk/chembl/api/data/activity/14722383.json
14722384,2114010,CHEMBL3286817,CHEMBL3293163,Inhibition of wild type human EML4-fused ALK expressed in mouse NIH-3T3 cells assessed as phosphorylated ALK level after 1 hr by sandwich ELISA,IC50,=,524.0,nM,,https://www.ebi.ac.uk/chembl/api/data/activity/14722384.json
14722385,2114011,CHEMBL3286818,CHEMBL3293163,Inhibition of wild type human EML4-fused ALK expressed in mouse NIH-3T3 cells assessed as phosphorylated ALK level after 1 hr by sandwich ELISA,IC50,=,1.0,nM,,https://www.ebi.ac.uk/chembl/api/data/activity/14722385.json
14722386,2114012,CHEMBL3286819,CHEMBL3293163,Inhibition of wild type human EML4-fused ALK expressed in mouse NIH-3T3 cells assessed as phosphorylated ALK level after 1 hr by sandwich ELISA,IC50,=,0.9,nM,,https://www.ebi.ac.uk/chembl/api/data/activity/14722386.json
14722387,2114013,CHEMBL3286820,CHEMBL3293163,Inhibition of wild type human EML4-fused ALK expressed in mouse NIH-3T3 cells assessed as phosphorylated ALK level after 1 hr by sandwich ELISA,IC50,=,0.7,nM,,https://www.ebi.ac.uk/chembl/api/data/activity/14722387.json
14722388,2114015,CHEMBL3286822,CHEMBL3293163,Inhibition of wild type human EML4-fused ALK expressed in mouse NIH-3T3 cells assessed as phosphorylated ALK level after 1 hr by sandwich ELISA,IC50,=,6.4,nM,,https://www.ebi.ac.uk/chembl/api/data/activity/14722388.json
14722389,2114016,CHEMBL3286823,CHEMBL3293163,Inhibition of wild type human EML4-fused ALK expressed in mouse NIH-3T3 cells assessed as phosphorylated ALK level after 1 hr by sandwich ELISA,IC50,=,0.21,nM,,https://www.ebi.ac.uk/chembl/api/data/activity/14722389.json
14722390,2114017,CHEMBL3286824,CHEMBL3293163,Inhibition of wild type human EML4-fused ALK expressed in mouse NIH-3T3 cells assessed as phosphorylated ALK level after 1 hr by sandwich ELISA,IC50,=,156.0,nM,,https://www.ebi.ac.uk/chembl/api/data/activity/14722390.json
14722391,2114018,CHEMBL3286825,CHEMBL3293163,Inhibition of wild type human EML4-fused ALK expressed in mouse NIH-3T3 cells assessed as phosphorylated ALK level after 1 hr by sandwich ELISA,IC50,=,0.18,nM,,https://www.ebi.ac.uk/chembl/api/data/activity/14722391.json
14722392,2114019,CHEMBL3286826,CHEMBL3293163,Inhibition of wild type human EML4-fused ALK expressed in mouse NIH-3T3 cells assessed as phosphorylated ALK level after 1 hr by sandwich ELISA,IC50,=,0.11,nM,,https://www.ebi.ac.uk/chembl/api/data/activity/14722392.json
14722393,2114020,CHEMBL3286827,CHEMBL3293163,Inhibition of wild type human EML4-fused ALK expressed in mouse NIH-3T3 cells assessed as phosphorylated ALK level after 1 hr by sandwich ELISA,IC50,=,1.3,nM,,https://www.ebi.ac.uk/chembl/api/data/activity/14722393.json
14722394,2114021,CHEMBL3286828,CHEMBL3293163,Inhibition of wild type human EML4-fused ALK expressed in mouse NIH-3T3 cells assessed as phosphorylated ALK level after 1 hr by sandwich ELISA,IC50,=,0.34,nM,,https://www.ebi.ac.uk/chembl/api/data/activity/14722394.json
14722395,2113997,CHEMBL601719,CHEMBL3293164,Inhibition of human EML4-fused ALK L1196M mutant expressed in mouse NIH-3T3 cells assessed as phospho-ALK level after 1 hr by sandwich ELISA,IC50,=,843.0,nM,,https://www.ebi.ac.uk/chembl/api/data/activity/14722395.json
14722396,2113998,CHEMBL3128069,CHEMBL3293164,Inhibition of human EML4-fused ALK L1196M mutant expressed in mouse NIH-3T3 cells assessed as phospho-ALK level after 1 hr by sandwich ELISA,IC50,=,6.6,nM,,https://www.ebi.ac.uk/chembl/api/data/activity/14722396.json
14722397,2113999,CHEMBL3286808,CHEMBL3293164,Inhibition of human EML4-fused ALK L1196M mutant expressed in mouse NIH-3T3 cells assessed as phospho-ALK level after 1 hr by sandwich ELISA,IC50,=,3200.0,nM,,https://www.ebi.ac.uk/chembl/api/data/activity/14722397.json
14722398,2114000,CHEMBL3128060,CHEMBL3293164,Inhibition of human EML4-fused ALK L1196M mutant expressed in mouse NIH-3T3 cells assessed as phospho-ALK level after 1 hr by sandwich ELISA,IC50,=,2650.0,nM,,https://www.ebi.ac.uk/chembl/api/data/activity/14722398.json
14722399,2114001,CHEMBL3128075,CHEMBL3293164,Inhibition of human EML4-fused ALK L1196M mutant expressed in mouse NIH-3T3 cells assessed as phospho-ALK level after 1 hr by sandwich ELISA,IC50,=,176.0,nM,,https://www.ebi.ac.uk/chembl/api/data/activity/14722399.json
14722400,2114002,CHEMBL3286809,CHEMBL3293164,Inhibition of human EML4-fused ALK L1196M mutant expressed in mouse NIH-3T3 cells assessed as phospho-ALK level after 1 hr by sandwich ELISA,IC50,=,1665.0,nM,,https://www.ebi.ac.uk/chembl/api/data/activity/14722400.json
14722401,2114004,CHEMBL3286811,CHEMBL3293164,Inhibition of human EML4-fused ALK L1196M mutant expressed in mouse NIH-3T3 cells assessed as phospho-ALK level after 1 hr by sandwich ELISA,IC50,=,53.0,nM,,https://www.ebi.ac.uk/chembl/api/data/activity/14722401.json
14722402,2114005,CHEMBL3286812,CHEMBL3293164,Inhibition of human EML4-fused ALK L1196M mutant expressed in mouse NIH-3T3 cells assessed as phospho-ALK level after 1 hr by sandwich ELISA,IC50,=,312.0,nM,,https://www.ebi.ac.uk/chembl/api/data/activity/14722402.json
14722403,2114006,CHEMBL3286813,CHEMBL3293164,Inhibition of human EML4-fused ALK L1196M mutant expressed in mouse NIH-3T3 cells assessed as phospho-ALK level after 1 hr by sandwich ELISA,IC50,=,54.0,nM,,https://www.ebi.ac.uk/chembl/api/data/activity/14722403.json
14722404,2114007,CHEMBL3286814,CHEMBL3293164,Inhibition of human EML4-fused ALK L1196M mutant expressed in mouse NIH-3T3 cells assessed as phospho-ALK level after 1 hr by sandwich ELISA,IC50,=,101.0,nM,,https://www.ebi.ac.uk/chembl/api/data/activity/14722404.json
14722405,2114008,CHEMBL3286815,CHEMBL3293164,Inhibition of human EML4-fused ALK L1196M mutant expressed in mouse NIH-3T3 cells assessed as phospho-ALK level after 1 hr by sandwich ELISA,IC50,=,112.0,nM,,https://www.ebi.ac.uk/chembl/api/data/activity/14722405.json
14722406,2114009,CHEMBL3286816,CHEMBL3293164,Inhibition of human EML4-fused ALK L1196M mutant expressed in mouse NIH-3T3 cells assessed as phospho-ALK level after 1 hr by sandwich ELISA,IC50,=,654.0,nM,,https://www.ebi.ac.uk/chembl/api/data/activity/14722406.json
14722407,2114010,CHEMBL3286817,CHEMBL3293164,Inhibition of human EML4-fused ALK L1196M mutant expressed in mouse NIH-3T3 cells assessed as phospho-ALK level after 1 hr by sandwich ELISA,IC50,=,3655.0,nM,,https://www.ebi.ac.uk/chembl/api/data/activity/14722407.json
14722408,2114011,CHEMBL3286818,CHEMBL3293164,Inhibition of human EML4-fused ALK L1196M mutant expressed in mouse NIH-3T3 cells assessed as phospho-ALK level after 1 hr by sandwich ELISA,IC50,=,20.0,nM,,https://www.ebi.ac.uk/chembl/api/data/activity/14722408.json
14722409,2114012,CHEMBL3286819,CHEMBL3293164,Inhibition of human EML4-fused ALK L1196M mutant expressed in mouse NIH-3T3 cells assessed as phospho-ALK level after 1 hr by sandwich ELISA,IC50,=,21.0,nM,,https://www.ebi.ac.uk/chembl/api/data/activity/14722409.json
14722410,2114013,CHEMBL3286820,CHEMBL3293164,Inhibition of human EML4-fused ALK L1196M mutant expressed in mouse NIH-3T3 cells assessed as phospho-ALK level after 1 hr by sandwich ELISA,IC50,=,14.0,nM,,https://www.ebi.ac.uk/chembl/api/data/activity/14722410.json
14722411,2114015,CHEMBL3286822,CHEMBL3293164,Inhibition of human EML4-fused ALK L1196M mutant expressed in mouse NIH-3T3 cells assessed as phospho-ALK level after 1 hr by sandwich ELISA,IC50,=,97.0,nM,,https://www.ebi.ac.uk/chembl/api/data/activity/14722411.json
14722412,2114016,CHEMBL3286823,CHEMBL3293164,Inhibition of human EML4-fused ALK L1196M mutant expressed in mouse NIH-3T3 cells assessed as phospho-ALK level after 1 hr by sandwich ELISA,IC50,=,1.4,nM,,https://www.ebi.ac.uk/chembl/api/data/activity/14722412.json
14722413,2114017,CHEMBL3286824,CHEMBL3293164,Inhibition of human EML4-fused ALK L1196M mutant expressed in mouse NIH-3T3 cells assessed as phospho-ALK level after 1 hr by sandwich ELISA,IC50,=,1230.0,nM,,https://www.ebi.ac.uk/chembl/api/data/activity/14722413.json
14722414,2114018,CHEMBL3286825,CHEMBL3293164,Inhibition of human EML4-fused ALK L1196M mutant expressed in mouse NIH-3T3 cells assessed as phospho-ALK level after 1 hr by sandwich ELISA,IC50,=,2.1,nM,,https://www.ebi.ac.uk/chembl/api/data/activity/14722414.json
14722415,2114019,CHEMBL3286826,CHEMBL3293164,Inhibition of human EML4-fused ALK L1196M mutant expressed in mouse NIH-3T3 cells assessed as phospho-ALK level after 1 hr by sandwich ELISA,IC50,=,0.75,nM,,https://www.ebi.ac.uk/chembl/api/data/activity/14722415.json
14722416,2114020,CHEMBL3286827,CHEMBL3293164,Inhibition of human EML4-fused ALK L1196M mutant expressed in mouse NIH-3T3 cells assessed as phospho-ALK level after 1 hr by sandwich ELISA,IC50,=,21.0,nM,,https://www.ebi.ac.uk/chembl/api/data/activity/14722416.json
14722417,2114021,CHEMBL3286828,CHEMBL3293164,Inhibition of human EML4-fused ALK L1196M mutant expressed in mouse NIH-3T3 cells assessed as phospho-ALK level after 1 hr by sandwich ELISA,IC50,=,1.9,nM,,https://www.ebi.ac.uk/chembl/api/data/activity/14722417.json
14722418,2114022,CHEMBL3286829,CHEMBL3293164,Inhibition of human EML4-fused ALK L1196M mutant expressed in mouse NIH-3T3 cells assessed as phospho-ALK level after 1 hr by sandwich ELISA,IC50,=,5.8,nM,,https://www.ebi.ac.uk/chembl/api/data/activity/14722418.json
14722419,2114023,CHEMBL3286830,CHEMBL3293164,Inhibition of human EML4-fused ALK L1196M mutant expressed in mouse NIH-3T3 cells assessed as phospho-ALK level after 1 hr by sandwich ELISA,IC50,=,21.0,nM,,https://www.ebi.ac.uk/chembl/api/data/activity/14722419.json
14722420,2114024,CHEMBL3286831,CHEMBL3293164,Inhibition of human EML4-fused ALK L1196M mutant expressed in mouse NIH-3T3 cells assessed as phospho-ALK level after 1 hr by sandwich ELISA,IC50,=,365.0,nM,,https://www.ebi.ac.uk/chembl/api/data/activity/14722420.json
14722421,2114025,CHEMBL3286832,CHEMBL3293164,Inhibition of human EML4-fused ALK L1196M mutant expressed in mouse NIH-3T3 cells assessed as phospho-ALK level after 1 hr by sandwich ELISA,IC50,=,45.0,nM,,https://www.ebi.ac.uk/chembl/api/data/activity/14722421.json
14722422,2113997,CHEMBL601719,CHEMBL3293165,"Octanol-water distribution coefficient, Log D of the compound at pH 7.4 by HPLC-based shake-flask method",LogD,=,2.0,,,https://www.ebi.ac.uk/chembl/api/data/activity/14722422.json
14722423,2113998,CHEMBL3128069,CHEMBL3293165,"Octanol-water distribution coefficient, Log D of the compound at pH 7.4 by HPLC-based shake-flask method",LogD,=,2.9,,,https://www.ebi.ac.uk/chembl/api/data/activity/14722423.json
14722424,2113999,CHEMBL3286808,CHEMBL3293165,"Octanol-water distribution coefficient, Log D of the compound at pH 7.4 by HPLC-based shake-flask method",LogD,=,2.4,,,https://www.ebi.ac.uk/chembl/api/data/activity/14722424.json
14722425,2114000,CHEMBL3128060,CHEMBL3293165,"Octanol-water distribution coefficient, Log D of the compound at pH 7.4 by HPLC-based shake-flask method",LogD,=,2.4,,,https://www.ebi.ac.uk/chembl/api/data/activity/14722425.json
14722426,2114001,CHEMBL3128075,CHEMBL3293165,"Octanol-water distribution coefficient, Log D of the compound at pH 7.4 by HPLC-based shake-flask method",LogD,=,3.4,,,https://www.ebi.ac.uk/chembl/api/data/activity/14722426.json
14722427,2114002,CHEMBL3286809,CHEMBL3293165,"Octanol-water distribution coefficient, Log D of the compound at pH 7.4 by HPLC-based shake-flask method",LogD,=,2.1,,,https://www.ebi.ac.uk/chembl/api/data/activity/14722427.json
14722428,2114003,CHEMBL3286810,CHEMBL3293165,"Octanol-water distribution coefficient, Log D of the compound at pH 7.4 by HPLC-based shake-flask method",LogD,=,2.1,,,https://www.ebi.ac.uk/chembl/api/data/activity/14722428.json
14722429,2114004,CHEMBL3286811,CHEMBL3293165,"Octanol-water distribution coefficient, Log D of the compound at pH 7.4 by HPLC-based shake-flask method",LogD,=,4.0,,,https://www.ebi.ac.uk/chembl/api/data/activity/14722429.json
14722430,2114005,CHEMBL3286812,CHEMBL3293165,"Octanol-water distribution coefficient, Log D of the compound at pH 7.4 by HPLC-based shake-flask method",LogD,=,3.0,,,https://www.ebi.ac.uk/chembl/api/data/activity/14722430.json
14722431,2114006,CHEMBL3286813,CHEMBL3293165,"Octanol-water distribution coefficient, Log D of the compound at pH 7.4 by HPLC-based shake-flask method",LogD,=,3.4,,,https://www.ebi.ac.uk/chembl/api/data/activity/14722431.json
14722432,2114007,CHEMBL3286814,CHEMBL3293165,"Octanol-water distribution coefficient, Log D of the compound at pH 7.4 by HPLC-based shake-flask method",LogD,=,3.0,,,https://www.ebi.ac.uk/chembl/api/data/activity/14722432.json
14722433,2114008,CHEMBL3286815,CHEMBL3293165,"Octanol-water distribution coefficient, Log D of the compound at pH 7.4 by HPLC-based shake-flask method",LogD,=,3.6,,,https://www.ebi.ac.uk/chembl/api/data/activity/14722433.json
14722434,2114009,CHEMBL3286816,CHEMBL3293165,"Octanol-water distribution coefficient, Log D of the compound at pH 7.4 by HPLC-based shake-flask method",LogD,=,3.4,,,https://www.ebi.ac.uk/chembl/api/data/activity/14722434.json
14722435,2114010,CHEMBL3286817,CHEMBL3293165,"Octanol-water distribution coefficient, Log D of the compound at pH 7.4 by HPLC-based shake-flask method",LogD,=,3.1,,,https://www.ebi.ac.uk/chembl/api/data/activity/14722435.json
14722436,2114011,CHEMBL3286818,CHEMBL3293165,"Octanol-water distribution coefficient, Log D of the compound at pH 7.4 by HPLC-based shake-flask method",LogD,=,3.3,,,https://www.ebi.ac.uk/chembl/api/data/activity/14722436.json
14722437,2114012,CHEMBL3286819,CHEMBL3293165,"Octanol-water distribution coefficient, Log D of the compound at pH 7.4 by HPLC-based shake-flask method",LogD,=,3.8,,,https://www.ebi.ac.uk/chembl/api/data/activity/14722437.json
14722438,2114013,CHEMBL3286820,CHEMBL3293165,"Octanol-water distribution coefficient, Log D of the compound at pH 7.4 by HPLC-based shake-flask method",LogD,=,2.2,,,https://www.ebi.ac.uk/chembl/api/data/activity/14722438.json
14722439,2114014,CHEMBL3286821,CHEMBL3293165,"Octanol-water distribution coefficient, Log D of the compound at pH 7.4 by HPLC-based shake-flask method",LogD,=,2.2,,,https://www.ebi.ac.uk/chembl/api/data/activity/14722439.json
14722440,2114015,CHEMBL3286822,CHEMBL3293165,"Octanol-water distribution coefficient, Log D of the compound at pH 7.4 by HPLC-based shake-flask method",LogD,=,2.0,,,https://www.ebi.ac.uk/chembl/api/data/activity/14722440.json
14722441,2114016,CHEMBL3286823,CHEMBL3293165,"Octanol-water distribution coefficient, Log D of the compound at pH 7.4 by HPLC-based shake-flask method",LogD,=,2.5,,,https://www.ebi.ac.uk/chembl/api/data/activity/14722441.json
14722442,2114017,CHEMBL3286824,CHEMBL3293165,"Octanol-water distribution coefficient, Log D of the compound at pH 7.4 by HPLC-based shake-flask method",LogD,=,2.5,,,https://www.ebi.ac.uk/chembl/api/data/activity/14722442.json
14722443,2114018,CHEMBL3286825,CHEMBL3293165,"Octanol-water distribution coefficient, Log D of the compound at pH 7.4 by HPLC-based shake-flask method",LogD,=,2.4,,,https://www.ebi.ac.uk/chembl/api/data/activity/14722443.json
14722444,2114019,CHEMBL3286826,CHEMBL3293165,"Octanol-water distribution coefficient, Log D of the compound at pH 7.4 by HPLC-based shake-flask method",LogD,=,2.7,,,https://www.ebi.ac.uk/chembl/api/data/activity/14722444.json
14722445,2114020,CHEMBL3286827,CHEMBL3293165,"Octanol-water distribution coefficient, Log D of the compound at pH 7.4 by HPLC-based shake-flask method",LogD,=,1.8,,,https://www.ebi.ac.uk/chembl/api/data/activity/14722445.json
14722446,2114021,CHEMBL3286828,CHEMBL3293165,"Octanol-water distribution coefficient, Log D of the compound at pH 7.4 by HPLC-based shake-flask method",LogD,=,2.2,,,https://www.ebi.ac.uk/chembl/api/data/activity/14722446.json
14722447,2114022,CHEMBL3286829,CHEMBL3293165,"Octanol-water distribution coefficient, Log D of the compound at pH 7.4 by HPLC-based shake-flask method",LogD,=,2.9,,,https://www.ebi.ac.uk/chembl/api/data/activity/14722447.json
14722448,2114023,CHEMBL3286830,CHEMBL3293165,"Octanol-water distribution coefficient, Log D of the compound at pH 7.4 by HPLC-based shake-flask method",LogD,=,2.3,,,https://www.ebi.ac.uk/chembl/api/data/activity/14722448.json
14722449,2114024,CHEMBL3286831,CHEMBL3293165,"Octanol-water distribution coefficient, Log D of the compound at pH 7.4 by HPLC-based shake-flask method",LogD,=,1.7,,,https://www.ebi.ac.uk/chembl/api/data/activity/14722449.json
14722450,2114025,CHEMBL3286832,CHEMBL3293165,"Octanol-water distribution coefficient, Log D of the compound at pH 7.4 by HPLC-based shake-flask method",LogD,=,2.4,,,https://www.ebi.ac.uk/chembl/api/data/activity/14722450.json
14722451,2113997,CHEMBL601719,CHEMBL3293390,Apparent total intrinsic clearance in human liver microsomes,CL,=,44.0,mL.min-1.kg-1,,https://www.ebi.ac.uk/chembl/api/data/activity/14722451.json
14722452,2113998,CHEMBL3128069,CHEMBL3293390,Apparent total intrinsic clearance in human liver microsomes,CL,=,13.0,mL.min-1.kg-1,,https://www.ebi.ac.uk/chembl/api/data/activity/14722452.json
14722453,2113999,CHEMBL3286808,CHEMBL3293390,Apparent total intrinsic clearance in human liver microsomes,CL,=,25.0,mL.min-1.kg-1,,https://www.ebi.ac.uk/chembl/api/data/activity/14722453.json
14722454,2114000,CHEMBL3128060,CHEMBL3293390,Apparent total intrinsic clearance in human liver microsomes,CL,=,8.0,mL.min-1.kg-1,,https://www.ebi.ac.uk/chembl/api/data/activity/14722454.json
14722455,2114001,CHEMBL3128075,CHEMBL3293390,Apparent total intrinsic clearance in human liver microsomes,CL,=,66.0,mL.min-1.kg-1,,https://www.ebi.ac.uk/chembl/api/data/activity/14722455.json
14722456,2114002,CHEMBL3286809,CHEMBL3293390,Apparent total intrinsic clearance in human liver microsomes,CL,=,28.0,mL.min-1.kg-1,,https://www.ebi.ac.uk/chembl/api/data/activity/14722456.json
14722457,2114003,CHEMBL3286810,CHEMBL3293390,Apparent total intrinsic clearance in human liver microsomes,CL,=,58.0,mL.min-1.kg-1,,https://www.ebi.ac.uk/chembl/api/data/activity/14722457.json
14722458,2114004,CHEMBL3286811,CHEMBL3293390,Apparent total intrinsic clearance in human liver microsomes,CL,=,41.0,mL.min-1.kg-1,,https://www.ebi.ac.uk/chembl/api/data/activity/14722458.json
14722459,2114005,CHEMBL3286812,CHEMBL3293390,Apparent total intrinsic clearance in human liver microsomes,CL,=,76.0,mL.min-1.kg-1,,https://www.ebi.ac.uk/chembl/api/data/activity/14722459.json
14722460,2114006,CHEMBL3286813,CHEMBL3293390,Apparent total intrinsic clearance in human liver microsomes,CL,=,10.0,mL.min-1.kg-1,,https://www.ebi.ac.uk/chembl/api/data/activity/14722460.json
14722461,2114013,CHEMBL3286820,CHEMBL3293390,Apparent total intrinsic clearance in human liver microsomes,CL,=,8.6,mL.min-1.kg-1,,https://www.ebi.ac.uk/chembl/api/data/activity/14722461.json
14722462,2114014,CHEMBL3286821,CHEMBL3293390,Apparent total intrinsic clearance in human liver microsomes,CL,=,8.0,mL.min-1.kg-1,,https://www.ebi.ac.uk/chembl/api/data/activity/14722462.json
14722463,2114015,CHEMBL3286822,CHEMBL3293390,Apparent total intrinsic clearance in human liver microsomes,CL,=,8.4,mL.min-1.kg-1,,https://www.ebi.ac.uk/chembl/api/data/activity/14722463.json
14722464,2114016,CHEMBL3286823,CHEMBL3293390,Apparent total intrinsic clearance in human liver microsomes,CL,=,8.0,mL.min-1.kg-1,,https://www.ebi.ac.uk/chembl/api/data/activity/14722464.json
14722465,2114017,CHEMBL3286824,CHEMBL3293390,Apparent total intrinsic clearance in human liver microsomes,CL,=,9.7,mL.min-1.kg-1,,https://www.ebi.ac.uk/chembl/api/data/activity/14722465.json
14722466,2114018,CHEMBL3286825,CHEMBL3293390,Apparent total intrinsic clearance in human liver microsomes,CL,=,8.3,mL.min-1.kg-1,,https://www.ebi.ac.uk/chembl/api/data/activity/14722466.json
14722467,2114019,CHEMBL3286826,CHEMBL3293390,Apparent total intrinsic clearance in human liver microsomes,CL,=,23.5,mL.min-1.kg-1,,https://www.ebi.ac.uk/chembl/api/data/activity/14722467.json
14722468,2114020,CHEMBL3286827,CHEMBL3293390,Apparent total intrinsic clearance in human liver microsomes,CL,=,9.1,mL.min-1.kg-1,,https://www.ebi.ac.uk/chembl/api/data/activity/14722468.json
14722469,2114021,CHEMBL3286828,CHEMBL3293390,Apparent total intrinsic clearance in human liver microsomes,CL,=,8.0,mL.min-1.kg-1,,https://www.ebi.ac.uk/chembl/api/data/activity/14722469.json
14722470,2114022,CHEMBL3286829,CHEMBL3293390,Apparent total intrinsic clearance in human liver microsomes,CL,=,14.6,mL.min-1.kg-1,,https://www.ebi.ac.uk/chembl/api/data/activity/14722470.json
14722471,2114023,CHEMBL3286830,CHEMBL3293390,Apparent total intrinsic clearance in human liver microsomes,CL,<,8.0,mL.min-1.kg-1,,https://www.ebi.ac.uk/chembl/api/data/activity/14722471.json
14722472,2114024,CHEMBL3286831,CHEMBL3293390,Apparent total intrinsic clearance in human liver microsomes,CL,<,8.0,mL.min-1.kg-1,,https://www.ebi.ac.uk/chembl/api/data/activity/14722472.json
14722473,2114025,CHEMBL3286832,CHEMBL3293390,Apparent total intrinsic clearance in human liver microsomes,CL,<,8.0,mL.min-1.kg-1,,https://www.ebi.ac.uk/chembl/api/data/activity/14722473.json
14722474,2113997,CHEMBL601719,CHEMBL3293391,Efflux ratio of permeability from basolateral to apical side to apical to basolateral side of MDCK cells expressing MDR1 at pH 7.4,Ratio,=,44.5,,,https://www.ebi.ac.uk/chembl/api/data/activity/14722474.json
14722475,2113998,CHEMBL3128069,CHEMBL3293391,Efflux ratio of permeability from basolateral to apical side to apical to basolateral side of MDCK cells expressing MDR1 at pH 7.4,Ratio,=,10.9,,,https://www.ebi.ac.uk/chembl/api/data/activity/14722475.json
14722476,2113999,CHEMBL3286808,CHEMBL3293391,Efflux ratio of permeability from basolateral to apical side to apical to basolateral side of MDCK cells expressing MDR1 at pH 7.4,Ratio,=,0.82,,,https://www.ebi.ac.uk/chembl/api/data/activity/14722476.json
14722477,2114000,CHEMBL3128060,CHEMBL3293391,Efflux ratio of permeability from basolateral to apical side to apical to basolateral side of MDCK cells expressing MDR1 at pH 7.4,Ratio,=,2.5,,,https://www.ebi.ac.uk/chembl/api/data/activity/14722477.json
14722478,2114001,CHEMBL3128075,CHEMBL3293391,Efflux ratio of permeability from basolateral to apical side to apical to basolateral side of MDCK cells expressing MDR1 at pH 7.4,Ratio,=,1.5,,,https://www.ebi.ac.uk/chembl/api/data/activity/14722478.json
14722479,2114002,CHEMBL3286809,CHEMBL3293391,Efflux ratio of permeability from basolateral to apical side to apical to basolateral side of MDCK cells expressing MDR1 at pH 7.4,Ratio,=,17.0,,,https://www.ebi.ac.uk/chembl/api/data/activity/14722479.json
14722480,2114003,CHEMBL3286810,CHEMBL3293391,Efflux ratio of permeability from basolateral to apical side to apical to basolateral side of MDCK cells expressing MDR1 at pH 7.4,Ratio,=,7.6,,,https://www.ebi.ac.uk/chembl/api/data/activity/14722480.json
14722481,2114004,CHEMBL3286811,CHEMBL3293391,Efflux ratio of permeability from basolateral to apical side to apical to basolateral side of MDCK cells expressing MDR1 at pH 7.4,Ratio,=,1.6,,,https://www.ebi.ac.uk/chembl/api/data/activity/14722481.json
14722482,2114005,CHEMBL3286812,CHEMBL3293391,Efflux ratio of permeability from basolateral to apical side to apical to basolateral side of MDCK cells expressing MDR1 at pH 7.4,Ratio,=,4.4,,,https://www.ebi.ac.uk/chembl/api/data/activity/14722482.json
14722483,2114006,CHEMBL3286813,CHEMBL3293391,Efflux ratio of permeability from basolateral to apical side to apical to basolateral side of MDCK cells expressing MDR1 at pH 7.4,Ratio,=,1.4,,,https://www.ebi.ac.uk/chembl/api/data/activity/14722483.json
14722484,2114014,CHEMBL3286821,CHEMBL3293391,Efflux ratio of permeability from basolateral to apical side to apical to basolateral side of MDCK cells expressing MDR1 at pH 7.4,Ratio,=,6.0,,,https://www.ebi.ac.uk/chembl/api/data/activity/14722484.json
14722485,2114015,CHEMBL3286822,CHEMBL3293391,Efflux ratio of permeability from basolateral to apical side to apical to basolateral side of MDCK cells expressing MDR1 at pH 7.4,Ratio,=,5.5,,,https://www.ebi.ac.uk/chembl/api/data/activity/14722485.json
14722486,2114016,CHEMBL3286823,CHEMBL3293391,Efflux ratio of permeability from basolateral to apical side to apical to basolateral side of MDCK cells expressing MDR1 at pH 7.4,Ratio,=,2.2,,,https://www.ebi.ac.uk/chembl/api/data/activity/14722486.json
14722487,2114017,CHEMBL3286824,CHEMBL3293391,Efflux ratio of permeability from basolateral to apical side to apical to basolateral side of MDCK cells expressing MDR1 at pH 7.4,Ratio,=,3.1,,,https://www.ebi.ac.uk/chembl/api/data/activity/14722487.json
14722488,2114018,CHEMBL3286825,CHEMBL3293391,Efflux ratio of permeability from basolateral to apical side to apical to basolateral side of MDCK cells expressing MDR1 at pH 7.4,Ratio,=,2.8,,,https://www.ebi.ac.uk/chembl/api/data/activity/14722488.json
14722489,2114019,CHEMBL3286826,CHEMBL3293391,Efflux ratio of permeability from basolateral to apical side to apical to basolateral side of MDCK cells expressing MDR1 at pH 7.4,Ratio,=,2.0,,,https://www.ebi.ac.uk/chembl/api/data/activity/14722489.json
14722490,2114020,CHEMBL3286827,CHEMBL3293391,Efflux ratio of permeability from basolateral to apical side to apical to basolateral side of MDCK cells expressing MDR1 at pH 7.4,Ratio,=,9.2,,,https://www.ebi.ac.uk/chembl/api/data/activity/14722490.json
14722491,2114021,CHEMBL3286828,CHEMBL3293391,Efflux ratio of permeability from basolateral to apical side to apical to basolateral side of MDCK cells expressing MDR1 at pH 7.4,Ratio,=,6.7,,,https://www.ebi.ac.uk/chembl/api/data/activity/14722491.json
14722492,2114022,CHEMBL3286829,CHEMBL3293391,Efflux ratio of permeability from basolateral to apical side to apical to basolateral side of MDCK cells expressing MDR1 at pH 7.4,Ratio,=,2.0,,,https://www.ebi.ac.uk/chembl/api/data/activity/14722492.json
14722493,2114024,CHEMBL3286831,CHEMBL3293391,Efflux ratio of permeability from basolateral to apical side to apical to basolateral side of MDCK cells expressing MDR1 at pH 7.4,Ratio,=,20.2,,,https://www.ebi.ac.uk/chembl/api/data/activity/14722493.json
14722494,2114025,CHEMBL3286832,CHEMBL3293391,Efflux ratio of permeability from basolateral to apical side to apical to basolateral side of MDCK cells expressing MDR1 at pH 7.4,Ratio,=,5.8,,,https://www.ebi.ac.uk/chembl/api/data/activity/14722494.json
14722495,2114023,CHEMBL3286830,CHEMBL3293392,Efflux ratio of permeability from basolateral to apical side to apical to basolateral side of RRCK cells expressing BCRP at pH 7.4,Ratio,=,1.3,,,https://www.ebi.ac.uk/chembl/api/data/activity/14722495.json
14722496,2114022,CHEMBL3286829,CHEMBL3293393,Inhibition of TRKB (unknown origin) by off-chip mobility shift assay,Ki,=,0.4,nM,,https://www.ebi.ac.uk/chembl/api/data/activity/14722496.json
14722497,2114023,CHEMBL3286830,CHEMBL3293393,Inhibition of TRKB (unknown origin) by off-chip mobility shift assay,Ki,=,23.0,nM,,https://www.ebi.ac.uk/chembl/api/data/activity/14722497.json
14722498,2114024,CHEMBL3286831,CHEMBL3293393,Inhibition of TRKB (unknown origin) by off-chip mobility shift assay,Ki,=,77.0,nM,,https://www.ebi.ac.uk/chembl/api/data/activity/14722498.json
14722499,2114025,CHEMBL3286832,CHEMBL3293393,Inhibition of TRKB (unknown origin) by off-chip mobility shift assay,Ki,=,65.0,nM,,https://www.ebi.ac.uk/chembl/api/data/activity/14722499.json
14722500,2114022,CHEMBL3286829,CHEMBL3293394,Selectivity ratio of Ki for TRKB (unknown origin) to Ki for human recombinant ALK L1196M mutant kinase domain (amino acids 1093 to 1141) expressed in baculovirus system,Ratio Ki,=,2.0,,,https://www.ebi.ac.uk/chembl/api/data/activity/14722500.json
14722501,2114023,CHEMBL3286830,CHEMBL3293394,Selectivity ratio of Ki for TRKB (unknown origin) to Ki for human recombinant ALK L1196M mutant kinase domain (amino acids 1093 to 1141) expressed in baculovirus system,Ratio Ki,=,33.0,,,https://www.ebi.ac.uk/chembl/api/data/activity/14722501.json
14722502,2114024,CHEMBL3286831,CHEMBL3293394,Selectivity ratio of Ki for TRKB (unknown origin) to Ki for human recombinant ALK L1196M mutant kinase domain (amino acids 1093 to 1141) expressed in baculovirus system,Ratio Ki,=,39.0,,,https://www.ebi.ac.uk/chembl/api/data/activity/14722502.json
14722503,2114025,CHEMBL3286832,CHEMBL3293394,Selectivity ratio of Ki for TRKB (unknown origin) to Ki for human recombinant ALK L1196M mutant kinase domain (amino acids 1093 to 1141) expressed in baculovirus system,Ratio Ki,=,93.0,,,https://www.ebi.ac.uk/chembl/api/data/activity/14722503.json
14722504,2113997,CHEMBL601719,CHEMBL3293395,Inhibition of human EML4-fused ALK F1174L mutant expressed in mouse NIH-3T3 cells assessed as phospho-ALK level after 1 hr by sandwich ELISA,IC50,=,165.0,nM,,https://www.ebi.ac.uk/chembl/api/data/activity/14722504.json
14722505,2114023,CHEMBL3286830,CHEMBL3293395,Inhibition of human EML4-fused ALK F1174L mutant expressed in mouse NIH-3T3 cells assessed as phospho-ALK level after 1 hr by sandwich ELISA,IC50,=,0.2,nM,,https://www.ebi.ac.uk/chembl/api/data/activity/14722505.json
14722506,2113997,CHEMBL601719,CHEMBL3293396,Inhibition of human EML4-fused ALK C1156Y mutant expressed in mouse NIH-3T3 cells assessed as phospho-ALK level after 1 hr by sandwich ELISA,IC50,=,478.0,nM,,https://www.ebi.ac.uk/chembl/api/data/activity/14722506.json
14722507,2114023,CHEMBL3286830,CHEMBL3293396,Inhibition of human EML4-fused ALK C1156Y mutant expressed in mouse NIH-3T3 cells assessed as phospho-ALK level after 1 hr by sandwich ELISA,IC50,=,1.6,nM,,https://www.ebi.ac.uk/chembl/api/data/activity/14722507.json
14722508,2113997,CHEMBL601719,CHEMBL3293397,Inhibition of human EML4-fused ALK G1269A mutant expressed in mouse NIH-3T3 cells assessed as phospho-ALK level after 1 hr by sandwich ELISA,IC50,=,605.0,nM,,https://www.ebi.ac.uk/chembl/api/data/activity/14722508.json
14722509,2114023,CHEMBL3286830,CHEMBL3293397,Inhibition of human EML4-fused ALK G1269A mutant expressed in mouse NIH-3T3 cells assessed as phospho-ALK level after 1 hr by sandwich ELISA,IC50,=,15.0,nM,,https://www.ebi.ac.uk/chembl/api/data/activity/14722509.json
14722510,2113997,CHEMBL601719,CHEMBL3293398,Inhibition of human EML4-fused ALK S1206Y mutant expressed in mouse NIH-3T3 cells assessed as phospho-ALK level after 1 hr by sandwich ELISA,IC50,=,626.0,nM,,https://www.ebi.ac.uk/chembl/api/data/activity/14722510.json
14722511,2114023,CHEMBL3286830,CHEMBL3293398,Inhibition of human EML4-fused ALK S1206Y mutant expressed in mouse NIH-3T3 cells assessed as phospho-ALK level after 1 hr by sandwich ELISA,IC50,=,4.2,nM,,https://www.ebi.ac.uk/chembl/api/data/activity/14722511.json
14722512,2113997,CHEMBL601719,CHEMBL3293399,Inhibition of human EML4-fused ALK L1152R mutant expressed in mouse NIH-3T3 cells assessed as phospho-ALK level after 1 hr by sandwich ELISA,IC50,=,1026.0,nM,,https://www.ebi.ac.uk/chembl/api/data/activity/14722512.json
14722513,2114023,CHEMBL3286830,CHEMBL3293399,Inhibition of human EML4-fused ALK L1152R mutant expressed in mouse NIH-3T3 cells assessed as phospho-ALK level after 1 hr by sandwich ELISA,IC50,=,9.0,nM,,https://www.ebi.ac.uk/chembl/api/data/activity/14722513.json
14722514,2113997,CHEMBL601719,CHEMBL3293400,Inhibition of human EML4-fused ALK G1202R mutant expressed in mouse NIH-3T3 cells assessed as phospho-ALK level after 1 hr by sandwich ELISA,IC50,=,1148.0,nM,,https://www.ebi.ac.uk/chembl/api/data/activity/14722514.json
14722515,2114023,CHEMBL3286830,CHEMBL3293400,Inhibition of human EML4-fused ALK G1202R mutant expressed in mouse NIH-3T3 cells assessed as phospho-ALK level after 1 hr by sandwich ELISA,IC50,=,77.0,nM,,https://www.ebi.ac.uk/chembl/api/data/activity/14722515.json
14722516,2113997,CHEMBL601719,CHEMBL3293401,Inhibition of human EML4-fused ALK 1151Tins mutant expressed in mouse NIH-3T3 cells assessed as phospho-ALK level after 1 hr by sandwich ELISA,IC50,=,3039.0,nM,,https://www.ebi.ac.uk/chembl/api/data/activity/14722516.json
14722517,2114023,CHEMBL3286830,CHEMBL3293401,Inhibition of human EML4-fused ALK 1151Tins mutant expressed in mouse NIH-3T3 cells assessed as phospho-ALK level after 1 hr by sandwich ELISA,IC50,=,38.0,nM,,https://www.ebi.ac.uk/chembl/api/data/activity/14722517.json
14722518,2114023,CHEMBL3286830,CHEMBL3293402,Inhibition of ROS1 (unknown origin) by off-chip mobility shift assay,Ki,<,0.02,nM,,https://www.ebi.ac.uk/chembl/api/data/activity/14722518.json
14722519,2114023,CHEMBL3286830,CHEMBL3293403,Inhibition of FER (unknown origin) by TR-FRET-based Z'-LYTE assay,IC50,=,3.3,nM,,https://www.ebi.ac.uk/chembl/api/data/activity/14722519.json
14722520,2114023,CHEMBL3286830,CHEMBL3293404,Inhibition of FES (unknown origin) by TR-FRET-based Z'-LYTE assay,IC50,=,6.0,nM,,https://www.ebi.ac.uk/chembl/api/data/activity/14722520.json
14722521,2114023,CHEMBL3286830,CHEMBL3293405,Inhibition of PTK2B (unknown origin) by TR-FRET-based Z'-LYTE assay,IC50,=,14.0,nM,,https://www.ebi.ac.uk/chembl/api/data/activity/14722521.json
14722522,2114023,CHEMBL3286830,CHEMBL3293406,Inhibition of TNK2 (unknown origin) by TR-FRET-based Z'-LYTE assay,IC50,=,17.0,nM,,https://www.ebi.ac.uk/chembl/api/data/activity/14722522.json
14722523,2114023,CHEMBL3286830,CHEMBL3293407,Inhibition of PTK2 (unknown origin) by TR-FRET-based Z'-LYTE assay,IC50,=,17.0,nM,,https://www.ebi.ac.uk/chembl/api/data/activity/14722523.json
14722524,2114023,CHEMBL3286830,CHEMBL3293408,Inhibition of NRTK1 (unknown origin) by TR-FRET-based Z'-LYTE assay,IC50,=,24.0,nM,,https://www.ebi.ac.uk/chembl/api/data/activity/14722524.json
14722525,2114023,CHEMBL3286830,CHEMBL3293409,Inhibition of NRTK3 (unknown origin) by TR-FRET-based Z'-LYTE assay,IC50,=,46.0,nM,,https://www.ebi.ac.uk/chembl/api/data/activity/14722525.json
14722526,2114023,CHEMBL3286830,CHEMBL3293410,Inhibition of FRK (unknown origin) by TR-FRET-based Z'-LYTE assay,IC50,=,53.0,nM,,https://www.ebi.ac.uk/chembl/api/data/activity/14722526.json
14722527,2114023,CHEMBL3286830,CHEMBL3293411,Selectivity ratio of Ki for ROS1 (unknown origin) to Ki for human recombinant ALK L1196M mutant kinase domain (amino acids 1093 to 1141) expressed in baculovirus system,Ratio Ki,<,0.03,,,https://www.ebi.ac.uk/chembl/api/data/activity/14722527.json
14722528,2114023,CHEMBL3286830,CHEMBL3293412,Selectivity ratio of Ki for human wild type EML4-fused ALK expressed in mouse NIH-3T3 cells to Ki for human recombinant ALK L1196M mutant kinase domain (amino acids 1093 to 1141) expressed in baculovirus system,Ratio Ki,<,0.1,,,https://www.ebi.ac.uk/chembl/api/data/activity/14722528.json
14722529,2114023,CHEMBL3286830,CHEMBL3293413,Selectivity ratio of IC50 for LTK (unknown origin) to Ki for human recombinant ALK L1196M mutant kinase domain (amino acids 1093 to 1141) expressed in baculovirus system,Selectivity ratio,=,3.9,,,https://www.ebi.ac.uk/chembl/api/data/activity/14722529.json
14722530,2114023,CHEMBL3286830,CHEMBL3293414,Selectivity ratio of IC50 for FER (unknown origin) to Ki for human recombinant ALK L1196M mutant kinase domain (amino acids 1093 to 1141) expressed in baculovirus system,Selectivity ratio,=,4.7,,,https://www.ebi.ac.uk/chembl/api/data/activity/14722530.json
14722531,2114023,CHEMBL3286830,CHEMBL3293415,Selectivity ratio of IC50 for FES (unknown origin) to Ki for human recombinant ALK L1196M mutant kinase domain (amino acids 1093 to 1141) expressed in baculovirus system,Selectivity ratio,=,8.6,,,https://www.ebi.ac.uk/chembl/api/data/activity/14722531.json
14722532,2114023,CHEMBL3286830,CHEMBL3293416,Selectivity ratio of IC50 for PTK2B (unknown origin) to Ki for human recombinant ALK L1196M mutant kinase domain (amino acids 1093 to 1141) expressed in baculovirus system,Selectivity ratio,=,20.0,,,https://www.ebi.ac.uk/chembl/api/data/activity/14722532.json
14722533,2114023,CHEMBL3286830,CHEMBL3293417,Selectivity ratio of IC50 for TNK2 (unknown origin) to Ki for human recombinant ALK L1196M mutant kinase domain (amino acids 1093 to 1141) expressed in baculovirus system,Selectivity ratio,=,24.0,,,https://www.ebi.ac.uk/chembl/api/data/activity/14722533.json
14722534,2114023,CHEMBL3286830,CHEMBL3293418,Selectivity ratio of IC50 for PTK2 (unknown origin) to Ki for human recombinant ALK L1196M mutant kinase domain (amino acids 1093 to 1141) expressed in baculovirus system,Selectivity ratio,=,24.0,,,https://www.ebi.ac.uk/chembl/api/data/activity/14722534.json
14722535,2114023,CHEMBL3286830,CHEMBL3293419,Selectivity ratio of IC50 for NTRK1 (unknown origin) to Ki for human recombinant ALK L1196M mutant kinase domain (amino acids 1093 to 1141) expressed in baculovirus system,Selectivity ratio,=,34.0,,,https://www.ebi.ac.uk/chembl/api/data/activity/14722535.json
14722536,2114023,CHEMBL3286830,CHEMBL3291718,Selectivity ratio of IC50 for NTRK3 (unknown origin) to Ki for human recombinant ALK L1196M mutant kinase domain (amino acids 1093 to 1141) expressed in baculovirus system,Selectivity ratio,=,66.0,,,https://www.ebi.ac.uk/chembl/api/data/activity/14722536.json
14722537,2114023,CHEMBL3286830,CHEMBL3291719,Selectivity ratio of IC50 for FRK (unknown origin) to Ki for human recombinant ALK L1196M mutant kinase domain (amino acids 1093 to 1141) expressed in baculovirus system,Selectivity ratio,=,76.0,,,https://www.ebi.ac.uk/chembl/api/data/activity/14722537.json
14722538,2114023,CHEMBL3286830,CHEMBL3291720,"AUC (infinity) in rat at 1 mg/kg, iv qd",AUC,=,1150.0,ng.hr.mL-1,,https://www.ebi.ac.uk/chembl/api/data/activity/14722538.json
14722539,2114023,CHEMBL3286830,CHEMBL3291721,"Plasma clearance in rat at 1 mg/kg, iv qd",CL,=,15.5,mL.min-1.kg-1,,https://www.ebi.ac.uk/chembl/api/data/activity/14722539.json
14722540,2114023,CHEMBL3286830,CHEMBL3291722,"Volume of distribution at steady state in rat at 1 mg/kg, iv qd",Vdss,=,2.7,L.kg-1,,https://www.ebi.ac.uk/chembl/api/data/activity/14722540.json
14722541,2114023,CHEMBL3286830,CHEMBL3291723,"Half life in rat at 1 mg/kg, iv qd",T1/2,=,2.7,hr,,https://www.ebi.ac.uk/chembl/api/data/activity/14722541.json
14722542,2114023,CHEMBL3286830,CHEMBL3291724,"Cmax in rat at 10 mg/kg, po qd",Cmax,=,4249.3,nM,,https://www.ebi.ac.uk/chembl/api/data/activity/14722542.json
14722543,2114023,CHEMBL3286830,CHEMBL3291725,"fCmax in rat at 10 mg/kg, po qd",fCmax,=,1530.0,nM,,https://www.ebi.ac.uk/chembl/api/data/activity/14722543.json
14722544,2114023,CHEMBL3286830,CHEMBL3291726,"Tmax in rat at 10 mg/kg, po qd",Tmax,=,1.3,hr,,https://www.ebi.ac.uk/chembl/api/data/activity/14722544.json
14722545,2114023,CHEMBL3286830,CHEMBL3291727,"AUC (0 to 24 hrs) in rat at 10 mg/kg, po qd",AUC,=,14933.0,ng.hr.mL-1,,https://www.ebi.ac.uk/chembl/api/data/activity/14722545.json
14722546,2114023,CHEMBL3286830,CHEMBL3291728,"Average plasma concentration in rat at 10 mg/kg, po qd",Cave,=,551.0,nM,,https://www.ebi.ac.uk/chembl/api/data/activity/14722546.json
14722547,2114023,CHEMBL3286830,CHEMBL3291729,Oral bioavailability in rat at 10 mg/kg qd,F,=,100.0,%,,https://www.ebi.ac.uk/chembl/api/data/activity/14722547.json
14722548,2114023,CHEMBL3286830,CHEMBL3291730,Fraction unbound in rat plasma at 2.4 uM,Fu,=,0.36,,,https://www.ebi.ac.uk/chembl/api/data/activity/14722548.json
14722549,2114023,CHEMBL3286830,CHEMBL3291731,"AUC in rat CSF at 10 mg/kg, po",AUC,=,1412.31,ng.hr.mL-1,,https://www.ebi.ac.uk/chembl/api/data/activity/14722549.json
14722550,2114023,CHEMBL3286830,CHEMBL3291732,"fAUC in rat CSF at 10 mg/kg, po",fAUC,=,3.475,uM.hr,,https://www.ebi.ac.uk/chembl/api/data/activity/14722550.json
14722551,2114023,CHEMBL3286830,CHEMBL3291733,"AUC in rat brain at 10 mg/kg, po",AUC,=,7973.96,ng.hr.mL-1,,https://www.ebi.ac.uk/chembl/api/data/activity/14722551.json
14722552,2114023,CHEMBL3286830,CHEMBL3291734,"fAUC in rat brain at 10 mg/kg, po",fAUC,=,2.355,uM.hr,,https://www.ebi.ac.uk/chembl/api/data/activity/14722552.json
14722553,2114023,CHEMBL3286830,CHEMBL3291735,"AUC in rat plasma at 10 mg/kg, po",AUC,=,12477.09,ng.hr.mL-1,,https://www.ebi.ac.uk/chembl/api/data/activity/14722553.json
14722554,2114023,CHEMBL3286830,CHEMBL3291736,"fAUC in rat plasma at 10 mg/kg, po",fAUC,=,11.05,uM.hr,,https://www.ebi.ac.uk/chembl/api/data/activity/14722554.json
14722555,2114023,CHEMBL3286830,CHEMBL3291737,Fraction unbound in rat brain at 2.4 uM,Fu,=,0.12,,,https://www.ebi.ac.uk/chembl/api/data/activity/14722555.json
14722556,2113997,CHEMBL601719,CHEMBL3291738,"Ratio of drug level in CSF to unbound concentration in plasma in NSCLC patient at 250 mg, bid",Ratio,=,0.03,,,https://www.ebi.ac.uk/chembl/api/data/activity/14722556.json
14722557,2113997,CHEMBL601719,CHEMBL3291739,Selectivity ratio of IC50 for human EML4-fused ALK L1196M mutant expressed in mouse NIH-3T3 cells to IC50 for wild type human EML4-fused ALK expressed in mouse NIH-3T3 cells assessed as phosphorylated ALK level,Ratio IC50,=,2.0,,,https://www.ebi.ac.uk/chembl/api/data/activity/14722557.json
14722558,2114023,CHEMBL3286830,CHEMBL3291740,Inhibition of LTK (unknown origin) by TR-FRET-based Z'-LYTE assay,IC50,=,2.7,nM,,https://www.ebi.ac.uk/chembl/api/data/activity/14722558.json
14722559,2114023,CHEMBL3286830,CHEMBL3293161,Inhibition of wild type human recombinant ALK kinase domain (amino acids 1093 to 1141) expressed in baculovirus system using 5'FAM-KKSRGDYMTMQIG-CONH2 as substrate incubated for 15 mins prior to ATP addition measured after 1 hr by microfluidic mobility shift assay,Ki,<,0.07,nM,,https://www.ebi.ac.uk/chembl/api/data/activity/14722559.json
14722560,2114023,CHEMBL3286830,CHEMBL3293163,Inhibition of wild type human EML4-fused ALK expressed in mouse NIH-3T3 cells assessed as phosphorylated ALK level after 1 hr by sandwich ELISA,IC50,=,1.3,nM,,https://www.ebi.ac.uk/chembl/api/data/activity/14722560.json
14722561,2114023,CHEMBL3286830,CHEMBL3293391,Efflux ratio of permeability from basolateral to apical side to apical to basolateral side of MDCK cells expressing MDR1 at pH 7.4,Ratio,=,1.5,,,https://www.ebi.ac.uk/chembl/api/data/activity/14722561.json
