compound_id,measure_type,value,unit,assay,source,provenance,note
CHEMBL3353410,EGFR_L858R_T790M_cell_IC50,15000.0,nM,CHEMBL3389020,https://www.ebi.ac.uk/chembl/api/data/activity/15073016.json,chembl,Inhibition of EGFR L858R/T790M double mutant phosphorylation in human NCI-H1975 cells after 2 hrs by fluorescence assay
CHEMBL3353410,EGFR_ex19del_cell_IC50,17000.0,nM,CHEMBL3389021,https://www.ebi.ac.uk/chembl/api/data/activity/15073017.json,chembl,Inhibition of EGFR exon 19 deletion activating mutant phosphorylation in human PC9 cells after 2 hrs by fluorescence assay
CHEMBL3353410,LogD_pH7.4,3.4,,CHEMBL3389023,https://www.ebi.ac.uk/chembl/api/data/activity/15073019.json,chembl,"Lipophilicity, log D of the compound at pH 7.4"
CHEMBL3353410,solubility_pH7.4,7000.0,nM,CHEMBL3389027,https://www.ebi.ac.uk/chembl/api/data/activity/15073020.json,chembl,Thermodynamic solubility of the compound at pH 7.4
CHEMBL3353410,hERG_IC50,16200.0,nM,CHEMBL3389028,https://www.ebi.ac.uk/chembl/api/data/activity/15073021.json,chembl,Inhibition of human ERG
CHEMBL3353410,CHEMBL3389034:GI50,24.0,nM,CHEMBL3389034,https://www.ebi.ac.uk/chembl/api/data/activity/15073023.json,chembl,Cytotoxicity against human NCI-H1975 cells harboring EGFR L858R/T970M double mutant assessed as growth inhibition after 72 hrs by SYTOX green nucleic acid staining-based fluorescence assay
CHEMBL3353410,CHEMBL3389035:GI50,23.0,nM,CHEMBL3389035,https://www.ebi.ac.uk/chembl/api/data/activity/15073024.json,chembl,Cytotoxicity against human PC9 cells harboring EGFR exon 19 deletion activating mutant assessed as growth inhibition after 72 hrs by SYTOX green nucleic acid staining-based fluorescence assay
CHEMBL3353410,CHEMBL3389036:GI50,264.0,nM,CHEMBL3389036,https://www.ebi.ac.uk/chembl/api/data/activity/15073025.json,chembl,Cytotoxicity against human Calu3 cells assessed as growth inhibition after 72 hrs by SYTOX green nucleic acid staining-based fluorescence assay
CHEMBL3353410,CHEMBL3389038:Fu,0.029,,CHEMBL3389038,https://www.ebi.ac.uk/chembl/api/data/activity/15073026.json,chembl,Unbound fraction in human plasma
CHEMBL3353410,CHEMBL3389039:Fu,0.034,,CHEMBL3389039,https://www.ebi.ac.uk/chembl/api/data/activity/15073027.json,chembl,Unbound fraction in nude mouse plasma
CHEMBL3353410,CHEMBL3389040:CLH,27.0,uL/min,CHEMBL3389040,https://www.ebi.ac.uk/chembl/api/data/activity/15073028.json,chembl,Intrinsic clearance in rat hepatocytes measured per 10'6 cells
CHEMBL3353410,CHEMBL3389041:CLH,3.4,uL/min,CHEMBL3389041,https://www.ebi.ac.uk/chembl/api/data/activity/15073029.json,chembl,Intrinsic clearance in human hepatocytes measured per 10'6 cells
CHEMBL3353410,CHEMBL3389042:T1/2,2.017,hr,CHEMBL3389042,https://www.ebi.ac.uk/chembl/api/data/activity/15073030.json,chembl,Half life of the compound by GSH reduction assay
CHEMBL3353410,CHEMBL3390218:TGI,148.0,%,CHEMBL3390218,https://www.ebi.ac.uk/chembl/api/data/activity/15073031.json,chembl,"Antitumor activity against human NCI-H1975 cells harboring EGFR L858R/T970M double mutant xenografted in SCID mouse assessed as tumor growth inhibition at 10 mg/kg/day, po qd for 7 days relative to control"
CHEMBL3353410,CHEMBL3390220:TGI,102.0,%,CHEMBL3390220,https://www.ebi.ac.uk/chembl/api/data/activity/15073032.json,chembl,"Antitumor activity against human A431 cells xenografted in SCID mouse assessed as tumor growth inhibition at 10 mg/kg/day, po qd for 7 days relative to control"
CHEMBL3353410,CHEMBL3390221:CL,0.045,mL.min-1.kg-1,CHEMBL3390221,https://www.ebi.ac.uk/chembl/api/data/activity/15073033.json,chembl,Clearance in iv dosed Han Wistar rat
CHEMBL3353410,CHEMBL3390222:F,45.0,%,CHEMBL3390222,https://www.ebi.ac.uk/chembl/api/data/activity/15073034.json,chembl,Oral bioavailability in Han Wistar rat at 5 mg/kg
CHEMBL3353410,CHEMBL3390227:Fu,0.032,,CHEMBL3390227,https://www.ebi.ac.uk/chembl/api/data/activity/15073035.json,chembl,Fraction unbound in Han Wistar rat plasma
CHEMBL3353410,CHEMBL3390228:AUC,699.47,ng.hr.mL-1,CHEMBL3390228,https://www.ebi.ac.uk/chembl/api/data/activity/15073036.json,chembl,"AUC in mouse at 10 mg/kg, po"
CHEMBL3353410,CHEMBL3390229:TGI,134.0,%,CHEMBL3390229,https://www.ebi.ac.uk/chembl/api/data/activity/15073037.json,chembl,"Antitumor activity against human NCI-H1975 cells harboring EGFR L858R/T970M double mutant xenografted in SCID mouse assessed as tumor growth inhibition at 5 mg/kg/day, po qd for 7 days relative to control"
CHEMBL3353410,CHEMBL3390230:TGI,248.0,%,CHEMBL3390230,https://www.ebi.ac.uk/chembl/api/data/activity/15073038.json,chembl,"Antitumor activity against human PC9 cells harboring EGFR exon 19 deletion activating mutant xenografted in SCID mouse assessed as tumor growth inhibition at 5 mg/kg/day, po qd for 7 days relative to control"
CHEMBL3353410,CHEMBL3390231:TGI,79.0,%,CHEMBL3390231,https://www.ebi.ac.uk/chembl/api/data/activity/15073039.json,chembl,"Antitumor activity against human A431 cells xenografted in SCID mouse assessed as tumor growth inhibition at 5 mg/kg/day, po qd for 7 days relative to control"
CHEMBL3353410,CHEMBL3390232:Fu,0.0169,,CHEMBL3390232,https://www.ebi.ac.uk/chembl/api/data/activity/15073040.json,chembl,"Average free plasma concentration in rat at 200 mg/kg, po as single dose at 24 hrs"
CHEMBL3353410,CHEMBL3390235:Ratio,0.018,,CHEMBL3390235,https://www.ebi.ac.uk/chembl/api/data/activity/15073041.json,chembl,"Ratio of free Cave in rat at 200 mg/kg, po as single dose at 24 hrs to IC50 for INSR (unknown origin)"
CHEMBL3353410,CHEMBL3390240:FC,1.1,,CHEMBL3390240,https://www.ebi.ac.uk/chembl/api/data/activity/15073044.json,chembl,"Toxicity in rat assessed as increase insulin level at 200 mg/kg, po as single dose measured over 24 hrs relative to control"
CHEMBL3353410,CHEMBL3381136:TGI,120.0,%,CHEMBL3381136,https://www.ebi.ac.uk/chembl/api/data/activity/15073045.json,chembl,"Antitumor activity against human NCI-H1975 cells harboring EGFR L858R/T970M double mutant xenografted in SCID mouse assessed as tumor growth inhibition at 2.5 mg/kg/day, po qd for 7 days relative to control"
CHEMBL3353410,CHEMBL3381137:TGI,65.0,%,CHEMBL3381137,https://www.ebi.ac.uk/chembl/api/data/activity/15073046.json,chembl,"Antitumor activity against human A431 cells xenografted in SCID mouse assessed as tumor growth inhibition at 2.5 mg/kg/day, po qd for 7 days relative to control"
CHEMBL2426279,EGFR_L858R_T790M_cell_IC50,63.0,nM,CHEMBL3389020,https://www.ebi.ac.uk/chembl/api/data/activity/15073047.json,chembl,Inhibition of EGFR L858R/T790M double mutant phosphorylation in human NCI-H1975 cells after 2 hrs by fluorescence assay
CHEMBL2426279,EGFR_ex19del_cell_IC50,15.0,nM,CHEMBL3389021,https://www.ebi.ac.uk/chembl/api/data/activity/15073048.json,chembl,Inhibition of EGFR exon 19 deletion activating mutant phosphorylation in human PC9 cells after 2 hrs by fluorescence assay
CHEMBL2426279,EGFR_WT_cell_IC50,1200.0,nM,CHEMBL3389022,https://www.ebi.ac.uk/chembl/api/data/activity/15073049.json,chembl,Inhibition of wild type EGFR phosphorylation in human LoVo cells after 2 hrs by fluorescence assay
CHEMBL2426279,LogD_pH7.4,3.4,,CHEMBL3389023,https://www.ebi.ac.uk/chembl/api/data/activity/15073050.json,chembl,"Lipophilicity, log D of the compound at pH 7.4"
CHEMBL2426279,CHEMBL3389026:CLH,53.0,uL/min,CHEMBL3389026,https://www.ebi.ac.uk/chembl/api/data/activity/15073053.json,chembl,Intrinsic clearance in mouse hepatocytes measured per 10'6 cells
CHEMBL2426279,solubility_pH7.4,828000.0,nM,CHEMBL3389027,https://www.ebi.ac.uk/chembl/api/data/activity/15073054.json,chembl,Thermodynamic solubility of the compound at pH 7.4
CHEMBL2426279,hERG_IC50,9100.0,nM,CHEMBL3389028,https://www.ebi.ac.uk/chembl/api/data/activity/15073055.json,chembl,Inhibition of human ERG
CHEMBL2426279,CHEMBL3389029:IC50,813.0,nM,CHEMBL3389029,https://www.ebi.ac.uk/chembl/api/data/activity/15073056.json,chembl,Inhibition of IGF1R (unknown origin)
CHEMBL3353410,CHEMBL3390219:TGI,267.0,%,CHEMBL3390219,https://www.ebi.ac.uk/chembl/api/data/activity/15073258.json,chembl,"Antitumor activity against human PC9 cells harboring EGFR exon 19 deletion activating mutant xenografted in SCID mouse assessed as tumor growth inhibition at 10 mg/kg/day, po qd for 7 days relative to control"
CHEMBL3353410,CHEMBL3390234:IC50,912.0,nM,CHEMBL3390234,https://www.ebi.ac.uk/chembl/api/data/activity/15077804.json,chembl,Inhibition of INSR (unknown origin)
CHEMBL3353410,CHEMBL3389049:Cmax,380.0,nM,CHEMBL3389049,https://www.ebi.ac.uk/chembl/api/data/activity/15077824.json,chembl,"Cmax in mouse at 10 mg/kg, po"
